{

	"pools":[
    {
	      "rolls": 1,
          "entries": [
        {
          "type": "minecraft:item",
          "name": "minecraft:diamond_sword",
		  "functions":[
		    {
			    "function":"minecraft:set_nbt",
				"tag":"{display:{Name:'[{\"translate\":\"item.cam.vampire\",\"color\":\"dark_red\",\"italic\":false}]',Lore:['{\"translate\":\"enchantment.cam.general\",\"with\":[{\"translate\":\"enchant.cam.vampire\"},{\"translate\":\"enchantment.level.1\"}],\"color\":\"gray\",\"italic\":\"false\"}']},CustomModelData:9102006,Enchantments:[{id:\"cam:antigrind\"}],CAM_Enchantments:[{id:\"cam:vampire\",lvl:1}],RepairCost:65,id:\"cam:vampire\",CAM_antigrind:1b,CAM_grindtype:2}"
			}
		  ]
        }
                     ]
	}
	]
}