{
  "pools": [
    {
      "rolls": 1,
      "entries": [
        {
          "type": "minecraft:item",
          "name": "minecraft:emerald",
          "weight": 1,
          "functions": [
            {
              "function": "minecraft:set_count",
              "count": {
                "min": 5,
                "max": 19
              },
              "conditions": [
                {
                  "condition": "minecraft:entity_scores",
                  "entity": "this",
                  "scores": {
                    "CAM_booklvl": 1
                  }
                }
              ]
            },
            {
              "function": "minecraft:set_count",
              "count": {
                "min": 8,
                "max": 32
              },
              "conditions": [
                {
                  "condition": "minecraft:entity_scores",
                  "entity": "this",
                  "scores": {
                    "CAM_booklvl": 2
                  }
                }
              ]
            },
            {
              "function": "minecraft:set_count",
              "count": {
                "min": 11,
                "max": 45
              },
              "conditions": [
                {
                  "condition": "minecraft:entity_scores",
                  "entity": "this",
                  "scores": {
                    "CAM_booklvl": 3
                  }
                }
              ]
            },
            {
              "function": "minecraft:set_count",
              "count": {
                "min": 14,
                "max": 58
              },
              "conditions": [
                {
                  "condition": "minecraft:entity_scores",
                  "entity": "this",
                  "scores": {
                    "CAM_booklvl": 4
                  }
                }
              ]
            },
            {
              "function": "minecraft:set_count",
              "count": {
                "min": 17,
                "max": 64
              },
              "conditions": [
                {
                  "condition": "minecraft:entity_scores",
                  "entity": "this",
                  "scores": {
                    "CAM_booklvl": 5
                  }
                }
              ]
            },
			{
              "function": "minecraft:set_count",
              "count": {
                "min": 15,
                "max": 20
              },
              "conditions": [
                {
                  "condition": "minecraft:entity_scores",
                  "entity": "this",
                  "scores": {
                    "CAM_booklvl": 0
                  }
                }
              ]
            }
          ]
        }
      ]
    }
  ]
}