{
    "condition": "minecraft:inverted",
    "term": {
      "condition": "minecraft:alternative",
      "terms": [
        {
          "condition": "minecraft:inverted",
          "term": {
            "condition": "minecraft:location_check",
            "predicate": {
              "block": {
                "nbt": "{Items:[{id:\"minecraft:bamboo\",Slot:0b,tag:{id:\"cam:bamboo_sapling\"}},{id:\"minecraft:charcoal\",Slot:2b}]}"
              }
            }
          }
        }
      ]
    }
  }