{
  "condition": "minecraft:inverted",
          "term": {
            "condition": "minecraft:alternative",
      "terms": [
        {
          "condition": "minecraft:inverted",
          "term": {
      "condition": "minecraft:alternative",
      "terms": [
        {
          "condition": "minecraft:inverted",
          "term": {
              "condition":"minecraft:alternative",
              "terms":[
                  {
                    "condition": "minecraft:inverted",
                    "term": {
                    "condition": "minecraft:location_check",
                    "predicate": {
                      "block": {
                        "nbt": "{Items:[{id:\"minecraft:bamboo\",Slot:0b,tag:{id:\"cam:bamboo_sapling\"}}]}"
                      }
                  }
                }
                },
                {
                    "condition": "minecraft:inverted",
                    "term": {
                    "condition": "minecraft:location_check",
                    "predicate": {
                      "block": {
                        "nbt": "{Items:[{Slot:2b,tag:{id:\"cam:baked_bamboo_sapling\"}}]}"
                      }
                    }  
                }
            }
              ]
            }
        },
        {
            "condition": "minecraft:inverted",
            "term": {
            "condition":"minecraft:alternative",
            "terms": [
                {
                 "condition": "inverted",
                 "term": {
                    "condition": "minecraft:location_check",
                    "predicate": {
                      "block": {
                        "nbt": "{Items:[{id:\"minecraft:bamboo\",Slot:0b,tag:{id:\"cam:bamboo_sapling\"}}]}"
                      }
                  }
                 }
                },
                {
                    "condition": "minecraft:location_check",
                    "predicate": {
                      "block": {
                        "nbt": "{Items:[{Slot:2b}]}"
                      }
                    }  
                }
            ]
        }
    }
      ]
    }
    },
    {
      "condition": "minecraft:location_check",
                    "predicate": {
                      "block": {
                        "nbt": "{Items:[{Slot:2b,tag:{id:\"cam:baked_bamboo_sapling\"},Count:64b}]}"
                      }
                  }
    }
  ]
  }
}