{
    "condition": "minecraft:alternative",
    "terms": [
        {
            "condition": "minecraft:location_check",
            "predicate": {
              "block": {
                "nbt": "{Items:[{Slot:1b}]}"
              }
          }
        },
        {
            "condition": "minecraft:inverted",
            "term": {
                "condition": "minecraft:location_check",
                "predicate": {
                  "block": {
                    "nbt": "{BurnTime:0s}"
                  }
              }
            }
        }
    ]
}