{
  "pools": [
    {
      "rolls": 1,
      "entries": [
        {
          "type": "minecraft:item",
          "name": "minecraft:emerald",
          "weight": 1,
          "functions": [
            {
              "function": "minecraft:set_count",
              "count": {
                "min": 3,
                "max": 5
              },
              "conditions": [
                {
                  "condition": "minecraft:entity_scores",
                  "entity": "this",
                  "scores": {
                    "CAM_trade_item": 1
                  }
                }
              ]
            },
			{
              "function": "minecraft:set_count",
              "count": {
                "min": 5,
                "max": 12
              },
              "conditions": [
                {
                  "condition": "minecraft:entity_scores",
                  "entity": "this",
                  "scores": {
                    "CAM_trade_item": 2
                  }
                }
              ]
            },
			{
              "function": "minecraft:set_count",
              "count": {
                "min": 18,
                "max": 33
              },
              "conditions": [
                {
                  "condition": "minecraft:entity_scores",
                  "entity": "this",
                  "scores": {
                    "CAM_trade_item":3
                  }
                }
              ]
            },
			{
              "function": "minecraft:set_count",
              "count": {
                "min": 16,
                "max": 46
              },
              "conditions": [
                {
                  "condition": "minecraft:entity_scores",
                  "entity": "this",
                  "scores": {
                    "CAM_trade_item": 4
                  }
                }
              ]
            },
			{
              "function": "minecraft:set_count",
              "count": {
                "min": 3,
                "max": 12
              },
              "conditions": [
                {
                  "condition": "minecraft:entity_scores",
                  "entity": "this",
                  "scores": {
                    "CAM_trade_item": 5
                  }
                }
              ]
            },
			{
              "function": "minecraft:set_count",
              "count": {
                "min": 18,
                "max": 36
              },
              "conditions": [
                {
                  "condition": "minecraft:entity_scores",
                  "entity": "this",
                  "scores": {
                    "CAM_trade_item": 6
                  }
                }
              ]
            },
			{
              "function": "minecraft:set_count",
              "count": {
                "min": 2,
                "max": 4
              },
              "conditions": [
                {
                  "condition": "minecraft:entity_scores",
                  "entity": "this",
                  "scores": {
                    "CAM_trade_item": 7
                  }
                }
              ]
            },
			{
			    "function":"minecraft:set_nbt",
				"tag":"{CustomModelData:9102012,Enchantments:[{}],display:{Name:'[{\"translate\":\"item.cam.sapphire\",\"italic\":\"false\"}]'},id:\"cam:sapphire\"}",
				"conditions": [
                {
                  "condition": "minecraft:entity_scores",
                  "entity": "this",
                  "scores": {
                    "CAM_trade_item": 7
                  }
                }
              ]
			}
          ]
        }
      ]
    }
  ]
}