{
  "parent": "cam:countryside_and_magic/root",
  "rewards": {
    "function": "cam:machine/furnace/furnace"
  },
  "criteria": {
    "put_furnace1": {
      "trigger": "minecraft:placed_block",
      "conditions": {
        "block": "minecraft:blast_furnace"
      }
    },
    "put_furnace2": {
      "trigger": "minecraft:placed_block",
      "conditions": {
        "block": "minecraft:furnace"
      }
    },
	"put_furnace3": {
      "trigger": "minecraft:placed_block",
      "conditions": {
        "block": "minecraft:smoker"
      }
    },
	"put_furnace4": {
      "trigger": "minecraft:placed_block",
      "conditions": {
        "block": "minecraft:campfire"
      }
    },
	"put_furnace5": {
      "trigger": "minecraft:placed_block",
      "conditions": {
        "block": "minecraft:soul_campfire"
      }
    }
  },
  "requirements":[
   ["put_furnace1","put_furnace2","put_furnace3","put_furnace4","put_furnace5"]
  ]
}