{
    "pools": [
        {
            "rolls": 1,
            "entries": [
                {
                    "type": "item",
                    "name": "minecraft:lily_pad",
                    "weight": 20
                },
                {
                    "type": "item",
                    "name": "minecraft:name_tag",
                    "weight": 20
                },
                {
                    "type": "item",
                    "name": "minecraft:saddle",
                    "weight": 20
                },
                {
                    "type": "item",
                    "name": "minecraft:bow",
                    "weight": 20,
                    "functions": [
                        {
                            "function": "set_damage",
                            "damage": {
                                "min": 0,
                                "max": 0.25
                            }
                        },
                        {
                            "function": "enchant_with_levels",
                            "levels": 30,
                            "treasure": true
                        }
                    ]
                },
                {
                    "type": "item",
                    "name": "minecraft:fishing_rod",
                    "weight": 20,
                    "functions": [
                        {
                            "function": "set_damage",
                            "damage": {
                                "min": 0,
                                "max": 0.25
                            }
                        },
                        {
                            "function": "enchant_with_levels",
                            "levels": 30,
                            "treasure": true
                        }
                    ]
                },
                {
                    "type": "item",
                    "name": "minecraft:book",
                    "weight": 20,
                    "functions": [
                        {
                            "function": "enchant_with_levels",
                            "levels": 30,
                            "treasure": true
                        }
                    ]
                },
                {
                    "type": "item",
                    "name": "minecraft:nautilus_shell",
                    "weight": 20
                },
				{
                    "type": "item",
                    "name": "minecraft:iron_ingot",
                    "weight": 20
                },
				{
                    "type": "item",
                    "name": "minecraft:gold_ingot",
                    "weight": 9
                },
				{
                    "type": "item",
                    "name": "minecraft:diamond",
                    "weight": 1
                },
				{
          "type": "minecraft:item",
          "functions": [
            {
              "function": "minecraft:exploration_map",
              "destination": "buried_treasure",
              "decoration": "red_x",
              "zoom": 1
            }
          ],
          "name": "minecraft:map",
		  "weight":6
		  },
		  {
          "type": "minecraft:item",
          "functions": [
            {
              "function": "minecraft:exploration_map",
              "destination": "village",
              "decoration": "red_x",
              "zoom": 1
            },
			{
			"function":"set_nbt",
			"tag":"{display:{Lore:['{\"translate\":\"lore.cam.maprag\"}'],Name:'[{\"translate\":\"item.cam.homemap\",\"italic\":\"false\"}]'}}"
			}
          ],
          "name": "minecraft:map",
		  "weight":3
		  },
		  {
          "type": "minecraft:item",
          "functions": [
            {
              "function": "minecraft:exploration_map",
              "destination": "shipwreck",
              "decoration": "red_x",
              "zoom": 1
            },
			{
			"function":"set_nbt",
			"tag":"{display:{Lore:['{\"translate\":\"lore.cam.maprag\"}'],Name:'[{\"translate\":\"item.cam.unknownmap\",\"italic\":\"false\"}]'},HideFlags:1,map:1b}"
			}
          ],
          "name": "minecraft:map",
		  "weight":3
		  },
		  {
          "type": "minecraft:item",
          "functions": [
            {
              "function": "minecraft:exploration_map",
              "destination": "pillager_outpost",
              "decoration": "red_x",
              "zoom": 1
            },
			{
			"function":"set_nbt",
			"tag":"{display:{Lore:['{\"translate\":\"lore.cam.maprag\"}'],Name:'[{\"translate\":\"item.cam.unknownmap\",\"italic\":\"false\"}]'},HideFlags:1,map:1b}"
			}
          ],
          "name": "minecraft:map",
		  "weight":2
		  },
		  {
          "type": "minecraft:item",
          "functions": [
            {
              "function": "minecraft:exploration_map",
              "destination": "monument",
              "decoration": "red_x",
              "zoom": 1
            },
			{
			"function":"set_nbt",
			"tag":"{display:{Lore:['{\"translate\":\"lore.cam.maprag\"}'],Name:'[{\"translate\":\"item.cam.unknownmap\",\"italic\":\"false\"}]'},HideFlags:1,map:1b}"
			}
          ],
          "name": "minecraft:map",
		  "weight":1
		  },
		  {
          "type": "minecraft:item",
          "functions": [
            {
              "function": "minecraft:exploration_map",
              "destination": "ocean_ruin",
              "decoration": "red_x",
              "zoom": 1
            },
			{
			"function":"set_nbt",
			"tag":"{display:{Lore:['{\"translate\":\"lore.cam.maprag\"}'],Name:'[{\"translate\":\"item.cam.unknownmap\",\"italic\":\"false\"}]'},HideFlags:1,map:1b}"
			}
          ],
          "name": "minecraft:map",
		  "weight":5
		  }
      ]
    }
            ]
        }