{
    "condition":"inverted",
    "term":{
        "condition":"alternative",
        "terms":[
            {
                "condition":"inverted",
                "term":{
                    "condition": "minecraft:entity_properties",
                    "entity": "this",
                    "predicate": {
                          "type": "minecraft:item_frame",
                          "nbt":"{Tags:[\"CAM_chinese_knot\"]}"
                        }
                }
            },
            {
                "condition": "minecraft:entity_properties",
                "entity": "this",
                "predicate": {
                      "nbt": "{Item:{tag:{id:\"cam:chinese_knot\"}}}"
                    }  
            }
        ]
    }
}
