{
    "parent": "item/generated",
    "textures": {
        "layer0": "item/firework_star",
		"layer1": "item/firework_star_overlay"
    },
	"overrides":[
	    {"predicate":{"custom_model_data":9102001},"model":"magic:poison_heart"},
		{"predicate":{"custom_model_data":9102024},"model":"machine:craft_table"},
		{"predicate":{"custom_model_data":9102025},"model":"machine:empty"},
        {"predicate":{"custom_model_data":9102066},"model":"machine:sacrifice_table_gui"},
		{"predicate":{"custom_model_data":9102067},"model":"machine:sac_table_sapphire_slot"},
		{"predicate":{"custom_model_data":9102068},"model":"machine:sac_table_weapon_slot"},
		{"predicate":{"custom_model_data":9102069},"model":"machine:sac_table_no"},
		{"predicate":{"custom_model_data":9102070},"model":"machine:sac_table_yes"},
		{"predicate":{"custom_model_data":9102071},"model":"machine:sac_table_yes_disabled"},
		{"predicate":{"custom_model_data":9102074},"model":"machine:barrel_gui"}
    ]
}