{
  "type": "minecraft:generic",
  "pools":[
   {
    "rolls": 1,
      "entries": [
		    {
			  "type":"minecraft:item",
			  "functions": [
                {
                  "function": "minecraft:apply_bonus",
                  "enchantment": "minecraft:fortune",
                  "formula": "minecraft:ore_drops"
                },
                {
                  "function": "minecraft:explosion_decay"
                }
              ],
              "name": "minecraft:diamond"
            }
	  ]
    },
	{
     "rolls": 1,
      "entries": [	
	    {
			"type":"minecraft:loot_table",
			"conditions": [
                {
                      "condition": "minecraft:table_bonus",
                      "enchantment": "minecraft:fortune",
                      "chances": [
                        0.1,
                        0.15,
                        0.25,
                        0.3
                      ]
                    }
              ],
			"name": "cam:cam/sapphire"
		}		
	  ]
	}
  ]
}