{
  "type": "minecraft:entity",
  "pools": [
    {
      "rolls": 1,
      "entries": [
        {
          "type": "minecraft:item",
          "functions": [
            {
              "function": "minecraft:set_count",
              "count": {
                "min": 0.0,
                "max": 2.0,
                "type": "minecraft:uniform"
              }
            },
            {
              "function": "minecraft:looting_enchant",
              "count": {
                "min": 0.0,
                "max": 1.0
              }
            }
          ],
          "name": "minecraft:rotten_flesh"
        }
      ]
    },
    {
      "rolls": 1,
      "entries": [
        {
          "type": "minecraft:item",
          "name": "minecraft:iron_ingot"
        },
        {
          "type": "minecraft:item",
          "name": "minecraft:carrot"
        },
        {
          "type": "minecraft:item",
          "name": "minecraft:potato"
        }
      ],
      "conditions": [
        {
          "condition": "minecraft:killed_by_player"
        },
        {
          "condition": "minecraft:random_chance_with_looting",
          "chance": 0.025,
          "looting_multiplier": 0.01
        }
      ]
    },
	{
	      "rolls": 1,
          "entries": [
        {
          "type": "minecraft:item",
          "name": "minecraft:iron_sword",
		  "functions":[
		    {
			    "function":"minecraft:set_nbt",
				"tag":"{spear:1b,display:{Lore:['{\"translate\":\"lore.cam.spear\"}'],Name:'[{\"translate\":\"item.cam.spear\"}]'},CustomModelData:9102015}"
			},
			{
			    "function":"minecraft:set_damage",
				"damage":{
				         "min":0.5,
						 "max":1.0
				         }
			}
		  ]
        }
                     ],
        "conditions": [
        {
          "condition": "minecraft:killed_by_player"
        },
        {
          "condition": "minecraft:random_chance_with_looting",
          "chance": 0.02,
          "looting_multiplier": 0.01
        }
      ]
	}
  ]
}