{
    "pools": [
        {
            "rolls": 1,
            "entries": [
                {
                    "type": "loot_table",
                    "name": "cam:cam/fishbone_sword"
                },
                {
                    "type": "loot_table",
                    "name": "cam:cam/bamboo_sword"
                },
                {
                    "type": "loot_table",
                    "name": "cam:cam/wooden_long_rod"
                },
                {
                    "type": "loot_table",
                    "name": "cam:cam/harpoon_wooden"
                },
                {
                    "type": "loot_table",
                    "name": "cam:cam/glaive"
                },
                {
                    "type": "loot_table",
                    "name": "cam:cam/chain_blade"
                },
                {
                    "type": "loot_table",
                    "name": "cam:cam/harpoon_iron"
                },
                {
                    "type": "loot_table",
                    "name": "cam:cam/metal_long_rod"
                },
                {
                    "type": "loot_table",
                    "name": "cam:cam/harpoon_diamond"
                },
                {
                    "type": "loot_table",
                    "name": "cam:cam/harpoon_stone"
                }
            ],
            "functions": [
                {
                    "function": "minecraft:enchant_with_levels",
                    "levels": {
                        "min": 8,
                        "max": 16
                    },
                    "treasure": true,
                    "conditions": [
                        {
                            "condition": "minecraft:random_chance",
                            "chance": 0.2
                        }
                    ]
                },
                {
                    "function": "minecraft:enchant_with_levels",
                    "levels": {
                        "min": 24,
                        "max": 30
                    },
                    "treasure": true,
                    "conditions": [
                        {
                            "condition": "minecraft:random_chance",
                            "chance": 0.1
                        }
                    ]
                }
            ]
         }
     ]
}