{
    "pools": [
        {
            "rolls": 1,
            "entries": [
                {
                    "type": "minecraft:loot_table",
                    "name": "cam:sacrificing_table/curse/backbite",
                    "weight":1
                },
                {
                    "type": "minecraft:loot_table",
                    "name": "cam:sacrificing_table/curse/breakable",
                    "weight":1
                }
            ]
        }
    ]
}