{
    "parent":"cam:countryside_and_magic/root",
	"criteria": {
        "book1": {
            "trigger": "minecraft:villager_trade",
            "conditions":{
                "villager":{                            
                        "nbt": "{VillagerData:{profession:\"minecraft:librarian\"}}"
                },
				"item":{
				 "item":"minecraft:enchanted_book"
				}
            }
        },
		"book2": {
            "trigger": "minecraft:villager_trade",
            "conditions":{
                "villager":{                            
                        "nbt": "{VillagerData:{profession:\"minecraft:librarian\"}}"
                },
				"item":{
				 "item":"minecraft:written_book"
				}
            }
        }
    },
	"requirements":[["book1","book2"]],
    "rewards":{
	  "function":"cam:villager/librarian/resupply_player"
	}
}