{
  "display": {
        "icon": {
            "item": "minecraft:potion"
        },
        "title":{
            "translate": "advancements.cam.first_drink.title"
        },
        "description": {
            "translate": "advancements.cam.first_drink.description"
        },
        "frame": "task"
    },
  "parent": "cam:countryside_and_magic/root",
  "criteria": {
    "drink": {
      "trigger": "minecraft:consume_item",
      "conditions": {
        "item": {
          "nbt": "{CAM_wine:1b}"
        }
      }
    }
  }
}