{
    "display": {
        "icon": {
            "item": "minecraft:enchanted_golden_apple",
            "nbt": "{CustomModelData:9102017}"
        },
        "title":{
            "translate": "advancements.cam.legendary_axe.title"
        },
        "description": {
            "translate": "advancements.cam.legendary_axe.description"
        },
        "frame": "challenge",
        "background": "minecraft:background.png"
    },
	"parent":"cam:countryside_and_magic/root",
	"criteria": {
        "default": {
            "trigger": "minecraft:inventory_changed",
            "conditions":{
                "items":[
                    {   
					    "item":"minecraft:golden_axe",
                        "nbt":"{display:{Name:'[{\"translate\":\"item.cam.legendaxe\",\"color\":\"gold\",\"bold\":false,\"italic\":false,\"underlined\":false,\"strikethrough\":false,\"obfuscated\":false}]'},Enchantments:[{id:\"minecraft:efficiency\",lvl:10},{id:\"minecraft:unbreaking\",lvl:5},{id:\"minecraft:sharpness\",lvl:5}]}"
                    }
                ]
            }
        }
    }
}