{
  "parent": "cam:countryside_and_magic/root",
  "display": {
    "icon": {
      "item": "minecraft:leather_boots"
    },
    "title": {
      "translate": "advancements.cam.whereistheroad.title"
    },
    "description": {
      "translate": "advancements.cam.whereistheroad.description"
    },
    "frame": "task"
  },
 "parent":"cam:countryside_and_magic/root",
	"criteria": {
        "default": {
            "trigger": "minecraft:inventory_changed",
            "conditions":{
                "items":[
                    {   
					    "item":"minecraft:iron_sword",
                        "nbt":"{spear:1b,display:{Lore:['{\"translate\":\"lore.cam.spear\"}'],Name:'[{\"translate\":\"item.cam.spear\"}]'}}"
                    }
                ]
            }
        }
    }
  }
	