{

	"pools":[
    {
	      "rolls": 1,
          "entries": [
        {
          "type": "minecraft:item",
          "name": "minecraft:mushroom_stew",
		  "functions":[
		    {
			    "function":"minecraft:set_nbt",
				"tag":"{display:{Name:'[{\"translate\":\"item.cam.snow_stew\",\"color\":\"white\",\"bold\":false,\"italic\":false,\"underlined\":false,\"strikethrough\":false,\"obfuscated\":false}]'},CustomModelData:9102014,id:\"cam:snow_stew\"}"
			}
		  ]
        }
                     ]
	}
	]
}