{
    "condition": "minecraft:alternative",
    "terms": [
        {
            "condition": "minecraft:entity_properties",
            "entity": "this",
            "predicate": {
                "nbt": "{Offers:{Recipes:[{sell:{id:\"minecraft:diamond_sword\"},maxUses:3}]}}"
            }
        },
        {
            "condition": "minecraft:entity_properties",
            "entity": "this",
            "predicate": {
                "nbt": "{Offers:{Recipes:[{sell:{id:\"minecraft:iron_sword\"},maxUses:3}]}}"
            }
        },
        {
            "condition": "minecraft:entity_properties",
            "entity": "this",
            "predicate": {
                "nbt": "{Offers:{Recipes:[{sell:{id:\"minecraft:diamond_axe\"},maxUses:3}]}}"
            }
        },
        {
            "condition": "minecraft:entity_properties",
            "entity": "this",
            "predicate": {
                "nbt": "{Offers:{Recipes:[{sell:{id:\"minecraft:iron_axe\"},maxUses:12}]}}"
            }
        }
    ]
}

