{
    "parent": "item/handheld_rod",
    "textures": {
        "layer0": "item/fishing_rod"
    },
    "overrides": [
        {
            "predicate": {"cast": 1},
            "model": "item/fishing_rod_cast"
        },
		{
		    "predicate": {"custom_model_data":9102033},
            "model": "weapon:chainblade_sub"
		},
		{
		    "predicate": {"custom_model_data":9102033,"cast": 1},
            "model": "weapon:chainblade_sub_shooted"
		},
        {
		    "predicate": {"custom_model_data":9102082},
            "model": "weapon:chainblade_sub_2"
		},
		{
		    "predicate": {"custom_model_data":9102082,"cast": 1},
            "model": "weapon:chainblade_sub_shooted"
		}
    ]
}
