{

	"pools":[
    {
	      "rolls": 1,
          "entries": [
        {
          "type": "minecraft:item",
          "name": "minecraft:grass",
		  "weight": 20,
		  "functions":[
		    {
			    "function":"minecraft:set_nbt",
				"tag":"{id:\"cam:weed\",display:{Name:'[{\"translate\":\"item.cam.weed\",\"italic\": false}]'},CustomModelData:9102008,CAM_weed_type:1}"
			}
		  ]
        },
		{
			"type": "minecraft:item",
			"name": "minecraft:grass",
			"weight": 20,
			"functions":[
			  {
				  "function":"minecraft:set_nbt",
				  "tag":"{id:\"cam:weed\",display:{Name:'[{\"translate\":\"item.cam.weed\",\"italic\": false}]'},CustomModelData:9102062,CAM_weed_type:2}"
			  }
			]
		  },
		  {
			"type": "minecraft:item",
			"name": "minecraft:grass",
			"weight": 20,
			"functions":[
			  {
				  "function":"minecraft:set_nbt",
				  "tag":"{id:\"cam:weed\",display:{Name:'[{\"translate\":\"item.cam.weed\",\"italic\": false}]'},CustomModelData:9102063,CAM_weed_type:3}"
			  }
			]
		  },
		  {
			"type": "minecraft:item",
			"name": "minecraft:grass",
			"weight": 20,
			"functions":[
			  {
				  "function":"minecraft:set_nbt",
				  "tag":"{id:\"cam:weed\",display:{Name:'[{\"translate\":\"item.cam.weed\",\"italic\": false}]'},CustomModelData:9102064,CAM_weed_type:4}"
			  }
			]
		  },
		  {
			"type": "minecraft:item",
			"name": "minecraft:green_dye",
			"weight": 1,
			"functions":[
			  {
				  "function":"minecraft:set_nbt",
				  "tag":"{id:\"cam:four_leaf_clover\",CustomModelData:9102060,CAM_luck:1b,display:{Name:'[{\"translate\":\"item.cam.four_leaf_clover\",\"color\":\"white\",\"italic\":\"false\"}]',Lore:['{\"translate\":\"enchantment.cam.general\",\"with\":[{\"translate\":\"enchant.cam.phylactery\"}],\"color\":\"gray\",\"italic\":\"false\"}']},CAM_weed_type:5}"
			  }
			]
		  }
                     ]
	}
	]
}