{
  "type": "minecraft:block",
  "pools": [
    {
      "rolls": 1,
      "entries": [
        {
          "type": "minecraft:alternatives",
          "children": [
            {
			"conditions": [
                {
                  "condition": "minecraft:match_tool",
                  "predicate": {
                    "enchantments": [
                      {
                        "enchantment": "minecraft:silk_touch",
                        "levels": {
                          "min": 1
                        }
                      }
                    ]
                  }
                }
              ],
              "type": "minecraft:item",
              "name": "minecraft:netherrack"
            },
            {
              "type": "minecraft:alternatives",
              "conditions": [
                {
                  "condition": "minecraft:survives_explosion"
                }
              ],
              "children": [
                {
                  "type": "minecraft:item",
                  "conditions": [
                    {
                      "condition": "minecraft:table_bonus",
                      "enchantment": "minecraft:fortune",
                      "chances": [
                        0.005,
                        0.01,
                        0.015,
                        0.04
                      ]
                    }
                  ],
				  "functions": [
			 {
			    "function":"minecraft:set_nbt",
				"tag":"{id:\"cam:sulfur\",display:{Name:'[{\"translate\":\"item.cam.sulfur\",\"italic\":false}]'},CustomModelData:9102030}"
			 }
			 ],
                  "name": "minecraft:charcoal"
                },
                {
                  "type": "minecraft:item",
                  "name": "minecraft:netherrack"
                }
              ]
            }
          ]
        }
      ]
    }
  ]
}