{
	"credit": "Made with Blockbench",
	"textures": {
		"crop": "cm:item/rice_stage5",
		"particle":"cm:item/rice_stage5"
	},
	"elements": [
		{   "from": [ 4, -1, 0 ],
            "to": [ 4, 15, 16 ],
            "shade": false,
            "faces": {
                "west": { "uv": [ 0, 0, 16, 16 ], "texture": "#crop" },
                "east": { "uv": [ 0, 0, 16, 16 ], "texture": "#crop" }
            }
        },
        {   "from": [ 12, -1, 0 ],
            "to": [ 12, 15, 16 ],
            "shade": false,
            "faces": {
                "west": { "uv": [ 0, 0, 16, 16 ], "texture": "#crop" },
                "east": { "uv": [ 0, 0, 16, 16 ], "texture": "#crop" }
            }
        },
        {   "from": [ 0, -1, 4 ],
            "to": [ 16, 15, 4 ],
            "shade": false,
            "faces": {
                "north": { "uv": [ 0, 0, 16, 16 ], "texture": "#crop" },
                "south": { "uv": [ 0, 0, 16, 16 ], "texture": "#crop" }
            }
        },
        {   "from": [ 0, -1, 12 ],
            "to": [ 16, 15, 12 ],
            "shade": false,
            "faces": {
                "north": { "uv": [ 0, 0, 16, 16 ], "texture": "#crop" },
                "south": { "uv": [ 0, 0, 16, 16 ], "texture": "#crop" }
            }
        }
	],
	"display": {
		"thirdperson_righthand": {
			"rotation": [75, 45, 0],
			"translation": [0, 2.5, 0],
			"scale": [0.375, 0.375, 0.375]
		},
		"thirdperson_lefthand": {
			"rotation": [75, 45, 0],
			"translation": [0, 2.5, 0],
			"scale": [0.375, 0.375, 0.375]
		},
		"firstperson_righthand": {
			"rotation": [0, 45, 0],
			"scale": [0.4, 0.4, 0.4]
		},
		"firstperson_lefthand": {
			"rotation": [0, 225, 0],
			"scale": [0.4, 0.4, 0.4]
		},
		"ground": {
			"translation": [0, 3, 0],
			"scale": [0.25, 0.25, 0.25]
		},
		"gui": {
			"rotation": [30, 225, 0],
			"scale": [0.625, 0.625, 0.625]
		},
		"head": {
			"translation": [0, -14.65, 0],
			"scale": [2.29, 2.29, 2.29]
		},
		"fixed": {
			"scale": [0.5, 0.5, 0.5]
		}
	}
}