{
    "display": {
        "icon": {
            "item": "minecraft:writable_book"
        },
        "title": {
            "translate": "advancements.cam.village_tales.title"
          },
          "description": {
            "translate": "advancements.cam.village_tales.description"
          },
          "frame": "challenge"
    },
    "parent": "cam:countryside_and_magic/root",
    "criteria": {
        " bless":{
            "trigger": "minecraft:inventory_changed",
            "conditions": {
              "items": [
                {
                  "nbt": "{id:\"cam:four_leaf_clover\"}"
                }
              ]
            }
        },
        "legendary_axe":{
            "trigger": "minecraft:inventory_changed",
            "conditions":{
                "items":[
                    {   
					    "items":["minecraft:golden_axe"],
                        "nbt":"{display:{Name:'[{\"translate\":\"item.cam.legendaxe\",\"color\":\"gold\",\"bold\":false,\"italic\":false,\"underlined\":false,\"strikethrough\":false,\"obfuscated\":false}]'},Enchantments:[{id:\"minecraft:efficiency\",lvl:10},{id:\"minecraft:unbreaking\",lvl:5},{id:\"minecraft:sharpness\",lvl:5}]}"
                    }
                ]
            }
        },
        "monsters":{
            "trigger":"minecraft:tick",
            "conditions": {
                "player": {
                    "nbt":"{Tags:[\"CAM_monsters\"]}"
                }
            }
        },
        "magic_weapons":{
            "trigger":"minecraft:tick",
            "conditions": {
                "player": {
                    "nbt":"{Tags:[\"CAM_magic\"]}"
                }
            }
        },
        "undefeatable":{
            "trigger": "minecraft:player_killed_entity",
      "conditions": {
        "player": {
          "nbt": "{SelectedItem:{tag:{id:\"cam:marine_harpoon\"}}}"
        },
        "entity": {
          "type": "minecraft:elder_guardian"
        }
      }
        }
    },
    "rewards": {
     "experience": 1000
    }
}