{
	"values": [
        {"required":false,"id":"#minecraft:candle_cakes"},
        {"required":false,"id":"#minecraft:candles"},
		{"required":false,"id":"minecraft:amethyst_block"},
        {"required":false,"id":"minecraft:amethyst_cluster"},
        {"required":false,"id":"minecraft:budding_amethyst"},
        {"required":false,"id":"minecraft:calcite"},
        {"required":false,"id":"minecraft:copper_block"},
        {"required":false,"id":"minecraft:copper_ore"},
        {"required":false,"id":"minecraft:cut_copper"},
		{"required":false,"id":"minecraft:cut_copper_slab"},
        {"required":false,"id":"minecraft:cut_copper_stairs"},
        {"required":false,"id":"minecraft:exposed_copper_block"},
        {"required":false,"id":"minecraft:exposed_cut_copper"},
        {"required":false,"id":"minecraft:large_amethyst_bud"},
        {"required":false,"id":"minecraft:lightly_weathered_cut_copper_slab"},
		{"required":false,"id":"minecraft:lightly_weathered_cut_copper_stairs"},
        {"required":false,"id":"minecraft:lightning_rod"},
        {"required":false,"id":"minecraft:medium_amethyst_bud"},
        {"required":false,"id":"minecraft:oxidized_copper_block"},
        {"required":false,"id":"minecraft:oxidized_cut_copper"},
        {"required":false,"id":"minecraft:semi_weathered_cut_copper_slab"},
        {"required":false,"id":"minecraft:semi_weathered_cut_copper_stairs"},
        {"required":false,"id":"minecraft:small_amethyst_bud"},
        {"required":false,"id":"minecraft:tinted_glass"},
        {"required":false,"id":"minecraft:tuff"},
        {"required":false,"id":"minecraft:waxed_copper"},
		{"required":false,"id":"minecraft:waxed_cut_copper"},
		{"required":false,"id":"minecraft:waxed_cut_copper_slab"},
		{"required":false,"id":"minecraft:waxed_cut_copper_stairs"},
		{"required":false,"id":"minecraft:waxed_exposed_copper"},
		{"required":false,"id":"minecraft:waxed_exposed_cut_copper"},
		{"required":false,"id":"minecraft:waxed_lightly_weathered_cut_copper_slab"},
		{"required":false,"id":"minecraft:waxed_lightly_weathered_cut_copper_stairs"},
		{"required":false,"id":"minecraft:waxed_semi_weathered_cut_copper_slab"},
		{"required":false,"id":"minecraft:waxed_semi_weathered_cut_copper_stairs"},
		{"required":false,"id":"minecraft:waxed_weathered_copper"},
		{"required":false,"id":"minecraft:waxed_weathered_cut_copper"},
		{"required":false,"id":"minecraft:weathered_copper_block"},
		{"required":false,"id":"minecraft:weathered_cut_copper"},
		{"required":false,"id":"minecraft:weathered_cut_copper_slab"},
        {"required":false,"id":"minecraft:weathered_cut_copper_stairs"}
	]
}
