{
	"values": [
		"#minecraft:campfires",
		"#minecraft:corals",
		"#minecraft:fences",
		"#minecraft:signs",
		"#minecraft:slabs",
		"#minecraft:stairs",
		"#minecraft:trapdoors",
		"#minecraft:wall_corals",
		"#minecraft:walls",
		"#uin:general/dead_coral_fans",
		"#uin:general/dead_coral_wall_fans",
		"#uin:general/dead_corals",
		"#uin:general/glass_panes",
		"#uin:general/lanterns",
		"minecraft:chain",
		"minecraft:chest",
		"minecraft:conduit",
		"minecraft:ender_chest",
		"minecraft:iron_bars",
		"minecraft:ladder",
		"minecraft:scaffolding",
		"minecraft:sea_pickle",
		"minecraft:trapped_chest",

		{"required":false,"id":"n/a","version":1.17},
		{"required":false,"id":"#minecraft:rails"}
	]
}
