{
  "pools": [
    {
      "rolls": 1,
      "entries": [
        {
          "type": "minecraft:item",
          "name": "minecraft:iron_sword",
          "weight": 25,
          "functions": [
            {
              "function": "minecraft:enchant_with_levels",
              "levels": {
                "min": 5,
                "max": 19
              },
              "treasure": false,
              "conditions": [
                {
                  "condition": "minecraft:random_chance",
                  "chance": 0.6
                }
              ]
            }
          ]
        },
        {
          "type": "minecraft:item",
          "name": "minecraft:golden_sword",
          "weight": 5,
          "functions": [
            {
              "function": "minecraft:enchant_with_levels",
              "levels": {
                "min": 7,
                "max": 25
              },
              "treasure": false,
              "conditions": [
                {
                  "condition": "minecraft:random_chance",
                  "chance": 0.9
                }
              ]
            }
          ]
        },
        {
          "type": "minecraft:item",
          "name": "minecraft:stone_sword",
          "weight": 25,
          "functions": [
            {
              "function": "minecraft:enchant_with_levels",
              "levels": {
                "min": 5,
                "max": 19
              },
              "treasure": false,
              "conditions": [
                {
                  "condition": "minecraft:random_chance",
                  "chance": 0.6
                }
              ]
            }
          ]
        },
        {
          "type": "minecraft:item",
          "name": "minecraft:diamond_sword",
          "weight": 10,
          "functions": [
            {
              "function": "minecraft:enchant_with_levels",
              "levels": {
                "min": 5,
                "max": 19
              },
              "treasure": false,
              "conditions": [
                {
                  "condition": "minecraft:random_chance",
                  "chance": 0.7
                }
              ]
            }
          ]
        },
        {
          "type": "minecraft:item",
          "name": "minecraft:diamond_axe",
          "weight": 15,
          "functions": [
            {
              "function": "minecraft:enchant_with_levels",
              "levels": {
                "min": 5,
                "max": 19
              },
              "treasure": false,
              "conditions": [
                {
                  "condition": "minecraft:random_chance",
                  "chance": 0.6
                }
              ]
            }
          ]
        },
        {
          "type": "minecraft:item",
          "name": "minecraft:iron_axe",
          "weight": 20,
          "functions": [
            {
              "function": "minecraft:enchant_with_levels",
              "levels": {
                "min": 5,
                "max": 19
              },
              "treasure": false,
              "conditions": [
                {
                  "condition": "minecraft:random_chance",
                  "chance": 0.6
                }
              ]
            }
          ]
        },
		{
          "type": "minecraft:item",
          "name": "minecraft:diamond_sword",
          "weight": 1,
          "functions": [
            {
			    "function":"minecraft:set_nbt",
				"tag":"{display:{Name:'[{\"translate\":\"item.cam.vampire\",\"color\":\"dark_red\",\"italic\":false}]',Lore:['{\"translate\":\"enchantment.cam.general\",\"with\":[{\"translate\":\"enchant.cam.vampire\"},{\"translate\":\"enchantment.level.1\"}],\"color\":\"gray\",\"italic\":\"false\"}']},CustomModelData:9102006,Enchantments:[{}],CAM_Enchantments:[{id:\"cam:vampire\",lvl:1}],RepairCost:65,id:\"cam:vampire\"}"
			},
			{
              "function": "minecraft:enchant_with_levels",
              "levels": {
                "min": 5,
                "max": 19
              },
              "treasure": false,
              "conditions": [
                {
                  "condition": "minecraft:random_chance",
                  "chance": 0.2
                }
              ]
            }
          ]
        },
		{
          "type": "minecraft:item",
          "name": "minecraft:iron_sword",
          "weight": 1,
          "functions": [
            {
			    "function":"minecraft:set_nbt",
				"tag":"{CustomModelData:9102010,Enchantments:[{}],CAM_Enchantments:[{id:\"cam:rattlesnake\",lvl:1}],display:{Name:'[{\"translate\":\"item.cam.rattlesnake\",\"italic\":\"false\"}]',Lore:['{\"translate\":\"enchantment.cam.general\",\"with\":[{\"translate\":\"enchant.cam.rattlesnake\"}],\"color\":\"gray\",\"italic\":\"false\"}']},RepairCost:65,id:\"cam:rattlesnake_dagger\"}"
			},
			{
              "function": "minecraft:enchant_with_levels",
              "levels": {
                "min": 5,
                "max": 19
              },
              "treasure": false,
              "conditions": [
                {
                  "condition": "minecraft:random_chance",
                  "chance": 0.2
                }
              ]
            }
          ]
        },
		{
          "type": "minecraft:item",
          "name": "minecraft:iron_sword",
          "weight": 1,
          "functions": [
            {
			    "function":"minecraft:set_nbt",
				"tag":"{id:\"cam:ender_sword\",CustomModelData:9102007,CAM_Enchantments:[{id:\"cam:end_looting\",lvl:1}],Enchantments:[{}],display:{Name:'[{\"translate\":\"item.cam.ender_sword\",\"color\":\"dark_purple\",\"italic\":\"false\"}]',Lore:['{\"translate\":\"enchantment.cam.general\",\"with\":[{\"translate\":\"enchant.cam.ender_looting\"}],\"color\":\"gray\",\"italic\":\"false\"}']},RepairCost:65}"
			},
			{
              "function": "minecraft:enchant_with_levels",
              "levels": {
                "min": 5,
                "max": 19
              },
              "treasure": false,
              "conditions": [
                {
                  "condition": "minecraft:random_chance",
                  "chance": 0.2
                }
              ]
            }
          ]
        },
		{
          "type": "minecraft:item",
          "name": "minecraft:iron_axe",
          "weight": 1,
          "functions": [
            {
			    "function":"minecraft:set_nbt",
				"tag":"{id:\"cam:dizziness_hammer\",display:{Name:'[{\"translate\":\"item.cam.dizziness\",\"italic\":\"false\"}]',Lore:['{\"translate\":\"enchantment.cam.general\",\"with\":[{\"translate\":\"enchant.cam.dizziness\"},{\"translate\":\"enchantment.level.2\"}],\"color\":\"gray\",\"italic\":\"false\"}']},CAM_Enchantments:[{id:\"cam:dizziness\",lvl:2}],CustomModelData:9102005,Enchantments:[{}],RepairCost:65}"
			},
			{
              "function": "minecraft:enchant_with_levels",
              "levels": {
                "min": 5,
                "max": 19
              },
              "treasure": false,
              "conditions": [
                {
                  "condition": "minecraft:random_chance",
                  "chance": 0.2
                }
              ]
            }
          ]
        }
      ]
    }
  ]
}