[
    {
      "condition": "minecraft:alternative",
      "terms": [
        {
          "condition": "minecraft:reference",
          "name": "cam:sacrifice/recasting/diamond"
        },
        {
          "condition": "minecraft:reference",
          "name": "cam:sacrifice/recasting/gold"
        },
        {
          "condition": "minecraft:reference",
          "name": "cam:sacrifice/recasting/iron"
        },
        {
          "condition": "minecraft:reference",
          "name": "cam:sacrifice/recasting/leather"
        },
        {
          "condition": "minecraft:reference",
          "name": "cam:sacrifice/recasting/netherite"
        },
        {
          "condition": "minecraft:reference",
          "name": "cam:sacrifice/recasting/prismarine_shard"
        },
        {
          "condition": "minecraft:reference",
          "name": "cam:sacrifice/recasting/scute"
        },
        {
          "condition": "minecraft:reference",
          "name": "cam:sacrifice/recasting/stone"
        },
        {
            "condition": "minecraft:reference",
            "name": "cam:sacrifice/recasting/wood"
        }
      ]
    }
  ]