[
    {
      "condition": "minecraft:alternative",
      "terms": [
        {
          "condition": "minecraft:reference",
          "name": "cam:sacrifice/ender_pearl"
        },
        {
          "condition": "minecraft:reference",
          "name": "cam:sacrifice/four_leaf_clover"
        },
        {
          "condition": "minecraft:reference",
          "name": "cam:sacrifice/ender_pearl"
        },
        {
          "condition": "minecraft:reference",
          "name": "cam:sacrifice/sapphire"
        },
        {
          "condition": "minecraft:reference",
          "name": "cam:sacrifice/diamond"
        },
        {
          "condition": "minecraft:reference",
          "name": "cam:sacrifice/wither_skeleton_skull"
        },
        {
            "condition": "minecraft:reference",
            "name": "cam:sacrifice/nether_star"
        },
        {
          "condition": "minecraft:reference",
          "name": "cam:sacrifice/none"
        }
      ]
    }
  ]