{

	"pools":[
    {
	      "rolls": 1,
          "entries": [
        {
          "type": "minecraft:item",
          "name": "minecraft:iron_sword",
		  "functions":[
		    {
			    "function":"minecraft:set_nbt",
				"tag":"{CustomModelData:9102010,Enchantments:[{id:\"cam:antigrind\"}],CAM_Enchantments:[{id:\"cam:rattlesnake\",lvl:1}],display:{Name:'[{\"translate\":\"item.cam.rattlesnake\",\"italic\":\"false\"}]',Lore:['{\"translate\":\"enchantment.cam.general\",\"with\":[{\"translate\":\"enchant.cam.rattlesnake\"}],\"color\":\"gray\",\"italic\":\"false\"}']},RepairCost:65,id:\"cam:rattlesnake_dagger\",CAM_antigrind:1b,CAM_grindtype:2}"
			}
		  ]
        }
                     ]
	}
	]
}