{
    "pools": [
        {
            "rolls": 1,
            "entries": [
                {
                    "type": "minecraft:loot_table",
                    "name": "cam:sacrificing_table/magic/bloodrage",
                    "conditions": [
                        {
                     "condition": "minecraft:alternative",
                     "terms": [
                     {
                        "condition":"minecraft:inverted",
                        "term": {
                            "condition": "minecraft:alternative",
                            "terms": [
                            {
                                "condition": "minecraft:entity_properties",
                                "entity": "this",
                                "predicate": {
                                  "equipment": {
                                    "chest": {
                                      "tag": "cam:bows"
                                    }
                                  }
                                }
                              }
                            ]
                        }      
                    },
                    {
                        "condition": "minecraft:entity_properties",
                        "entity": "this",
                        "predicate": {
                          "equipment": {
                            "chest": {
                              "tag": "cam:bows",
                              "nbt": "{id:\"cam:bow_with_blade\"}"
                            }
                          }
                        }
                      } 
                ]
                    }            
                    ],
                    "weight":3
                },
                {
                    "type": "minecraft:loot_table",
                    "name": "cam:sacrificing_table/magic/ender_looting",
                    "conditions": [
                        {
                     "condition": "minecraft:alternative",
                     "terms": [
                     {
                        "condition":"minecraft:inverted",
                        "term": {
                            "condition": "minecraft:alternative",
                            "terms": [
                            {
                                "condition": "minecraft:entity_properties",
                                "entity": "this",
                                "predicate": {
                                  "equipment": {
                                    "chest": {
                                      "tag": "cam:bows"
                                    }
                                  }
                                }
                              }
                            ]
                        }      
                    },
                    {
                        "condition": "minecraft:entity_properties",
                        "entity": "this",
                        "predicate": {
                          "equipment": {
                            "chest": {
                              "tag": "cam:bows",
                              "nbt": "{id:\"cam:bow_with_blade\"}"
                            }
                          }
                        }
                      } 
                ]
                    }            
                    ],
                    "weight":2
                },
                {
                    "type": "minecraft:loot_table",
                    "name": "cam:sacrificing_table/magic/phylactery",
                    "weight":1
                },
                {
                    "type": "minecraft:loot_table",
                    "name": "cam:sacrificing_table/magic/vampire",
                    "conditions": [
                        {
                     "condition": "minecraft:alternative",
                     "terms": [
                     {
                        "condition":"minecraft:inverted",
                        "term": {
                            "condition": "minecraft:alternative",
                            "terms": [
                            {
                                "condition": "minecraft:entity_properties",
                                "entity": "this",
                                "predicate": {
                                  "equipment": {
                                    "chest": {
                                      "tag": "cam:bows"
                                    }
                                  }
                                }
                              }
                            ]
                        }      
                    },
                    {
                        "condition": "minecraft:entity_properties",
                        "entity": "this",
                        "predicate": {
                          "equipment": {
                            "chest": {
                              "tag": "cam:bows",
                              "nbt": "{id:\"cam:bow_with_blade\"}"
                            }
                          }
                        }
                      } 
                ]
                    }            
                    ],
                    "weight":3
                },
                {
                    "type": "minecraft:loot_table",
                    "name": "cam:sacrificing_table/magic/wither",
                    "weight":3
                }
            ]
        }
    ]
}