{
	"credit": "Made with Blockbench",
	"textures": {
		"0": "block/quartz_pillar_top",
		"1": "weapon:sapphire_with_iron",
		"2": "block/iron_block",
		"6": "block/nether_portal",
		"particle": "block/quartz_pillar_top"
	},
	"elements": [
		{
			"from": [6, 3, -6],
			"to": [10, 7, 22],
			"faces": {
				"north": {"uv": [0, 0, 16, 16], "texture": "#0"},
				"east": {"uv": [1, 0, 15, 16], "texture": "#2"},
				"south": {"uv": [0, 0, 16, 16], "texture": "#0"},
				"west": {"uv": [0, 0, 16, 16], "texture": "#2"},
				"up": {"uv": [1, 0, 15, 16], "rotation": 90, "texture": "#2"},
				"down": {"uv": [1, 0, 15, 16], "rotation": 90, "texture": "#2"}
			}
		},
		{
			"from": [5, 2, 6],
			"to": [11, 8, 9],
			"faces": {
				"north": {"uv": [0, 0, 16, 16], "texture": "#0"},
				"east": {"uv": [0, 0, 16, 16], "rotation": 90, "texture": "#1"},
				"south": {"uv": [0, 0, 16, 16], "texture": "#0"},
				"west": {"uv": [0, 1, 16, 16], "rotation": 90, "texture": "#1"},
				"up": {"uv": [0, 0, 16, 16], "texture": "#2"},
				"down": {"uv": [0, 0, 16, 16], "texture": "#2"}
			}
		},
		{
			"from": [5, 2, 19],
			"to": [11, 8, 20],
			"faces": {
				"north": {"uv": [0, 0, 16, 16], "texture": "#6"},
				"east": {"uv": [0, 0, 16, 16], "texture": "#6"},
				"south": {"uv": [0, 0, 16, 16], "texture": "#6"},
				"west": {"uv": [0, 0, 16, 16], "texture": "#6"},
				"up": {"uv": [0, 0, 16, 16], "texture": "#6"},
				"down": {"uv": [0, 0, 16, 16], "texture": "#6"}
			}
		},
		{
			"from": [5, 2, -4],
			"to": [11, 8, -3],
			"faces": {
				"north": {"uv": [0, 0, 16, 16], "texture": "#6"},
				"east": {"uv": [0, 0, 16, 16], "texture": "#6"},
				"south": {"uv": [0, 0, 16, 16], "texture": "#6"},
				"west": {"uv": [0, 0, 16, 16], "texture": "#6"},
				"up": {"uv": [0, 0, 16, 16], "texture": "#6"},
				"down": {"uv": [0, 0, 16, 16], "texture": "#6"}
			}
		}
	],
	"gui_light": "front",
	"display": {
		"thirdperson_righthand": {
			"rotation": [95, 0, 0],
			"translation": [0, -1.75, 2.5],
			"scale": [0.4, 0.4, 1]
		},
		"thirdperson_lefthand": {
			"rotation": [90, 30, 0],
			"translation": [0, -1.5, 1.75],
			"scale": [0.4, 0.4, 1]
		},
		"firstperson_righthand": {
			"rotation": [84, 15, -65],
			"translation": [5.75, 2.75, 0],
			"scale": [0.4, 0.4, 1]
		},
		"firstperson_lefthand": {
			"rotation": [85, 7, 129],
			"translation": [-1.25, 3.5, 0],
			"scale": [0.4, 0.4, 1]
		},
		"ground": {
			"rotation": [42, 0, 0],
			"translation": [0, 4.25, 0],
			"scale": [0.4, 0.4, 0.9]
		},
		"gui": {
			"rotation": [90, -42, 90],
			"translation": [-2, 1, 0],
			"scale": [0.4, 0.4, 0.8]
		},
		"head": {
			"translation": [0, 14.25, 0],
			"scale": [0, 0, 0]
		},
		"fixed": {
			"rotation": [90, 90, -90],
			"translation": [0, 2.5, -1.75],
			"scale": [0.5, 0.5, 1]
		}
	}
}