{
    "type": "chest",
    "pools":[
        {
            "rolls": 1,
            "entries":[
                {
                    "type": "loot_table",
                    "name": "cam:cam/fish_bone",
                    "functions": [
                        {
                            "function": "set_count",
                            "count": {
                                "max":3,
                                "min":1
                            }
                        }
                    ]
                }
            ]
        }
    ]
}