{
  "pools": [
    {
      "rolls": 1,
      "entries": [
        {
          "type": "minecraft:item",
          "name": "minecraft:bow",
          "weight": 5,
          "functions": [
            {
              "function": "minecraft:enchant_with_levels",
              "levels": {
                "min": 5,
                "max": 19
              },
              "treasure": false,
              "conditions": [
                {
                  "condition": "minecraft:random_chance",
                  "chance": 0.3
                }
              ]
            }
          ]
        },
        {
          "type": "minecraft:item",
          "name": "minecraft:crossbow",
          "weight": 5,
          "functions": [
            {
              "function": "minecraft:enchant_with_levels",
              "levels": {
                "min": 5,
                "max": 19
              },
              "treasure": false,
              "conditions": [
                {
                  "condition": "minecraft:random_chance",
                  "chance": 0.3
                }
              ]
            }
          ]
        }
      ]
    }
  ]
}