{
    "condition": "minecraft:alternative",
    "terms": [
        {
            "condition": "minecraft:entity_properties",
            "entity": "this",
            "predicate": {
                "equipment": {
                    "mainhand": {
                        "item":"trident",
                        "nbt": "{CAM_Enchantments:[{id:\"cam:stormchop\"}]}"
                    }
                }
            }
        },
        {
            "condition":"minecraft:inverted",
            "term": {
            "condition": "minecraft:alternative",
            "terms": [
                {
                        "condition": "minecraft:entity_properties",
                        "entity": "this",
                        "predicate": {
                            "equipment": {
                                "mainhand": {
                                    "item":"trident"
                                }
                            }
                        }
                    },
                {
                    "condition":"minecraft:inverted",
                    "term": {
                    "condition": "minecraft:entity_properties",
                    "entity": "this",
                    "predicate": {
                        "equipment": {
                            "offhand": {
                                "item":"trident",
                                "nbt": "{CAM_Enchantments:[{id:\"cam:stormchop\"}]}"
                                }
                            }
                        }
                }
            }
            ]
        }
    }
    ]
}