{
  "display": {
    "icon": {
      "item": "minecraft:iron_sword",
      "nbt":"{CustomModelData:9102007}"
    },
    "title": {
      "translate": "advancements.cam.weapons.title"
    },
    "description": {
      "translate": "advancements.cam.weapons.description"
    },
    "frame": "challenge"
  },
 "parent":"cam:countryside_and_magic/village_tales",
	"criteria": {
        "hammer": {
            "trigger": "minecraft:inventory_changed",
            "conditions":{
                "items":[
                    {   
                        "nbt":"{id:\"cam:dizziness_hammer\"}"
                    }
                ]
            }
        },
        "ender": {
          "trigger": "minecraft:inventory_changed",
          "conditions":{
              "items":[
                  {   
                      "nbt":"{id:\"cam:ender_sword\"}"
                  }
              ]
          }
      },
      "vampire": {
        "trigger": "minecraft:inventory_changed",
        "conditions":{
            "items":[
                {   
                    "nbt":"{id:\"cam:vampire\"}"
                }
            ]
        }
    },
    "dagger": {
      "trigger": "minecraft:inventory_changed",
      "conditions":{
          "items":[
              {   
                  "nbt":"{id:\"cam:rattlesnake_dagger\"}"
              }
          ]
      }
  },
  "snake": {
    "trigger": "minecraft:inventory_changed",
    "conditions":{
        "items":[
            {   
                "nbt":"{id:\"cam:snake_rod\"}"
            }
        ]
    }
  }
    },
    "rewards": {
      "experience": 100,
      "function": "cam:advancements/tale_weapon"
    }
}
	