{
	"credit": "Made with Blockbench",
	"textures": {
		"0": "weapon:iron_block",
		"1": "block/oak_planks",
		"2": "block/oak_log_top",
		"3": "weapon:emerald",
		"4": "block/diamond_block",
		"6": "weapon:texture1",
		"8": "block/nether_portal",
		"particle": "weapon:iron_block"
	},
	"elements": [
		{
			"from": [7, 0, 7],
			"to": [9, 12, 9],
			"faces": {
				"north": {"uv": [0, 0, 2, 12], "texture": "#1"},
				"east": {"uv": [0, 0, 2, 12], "texture": "#1"},
				"south": {"uv": [0, 0, 2, 12], "texture": "#1"},
				"west": {"uv": [0, 0, 2, 12], "texture": "#1"},
				"up": {"uv": [0, 0, 2, 2], "texture": "#6"},
				"down": {"uv": [0, 0, 16, 16], "texture": "#2"}
			}
		},
		{
			"from": [2, 12, 5],
			"to": [14, 18, 11],
			"faces": {
				"north": {"uv": [0, 0, 16, 16], "texture": "#0"},
				"east": {"uv": [0, 0, 16, 16], "texture": "#0"},
				"south": {"uv": [0, 0, 16, 16], "texture": "#0"},
				"west": {"uv": [0, 0, 16, 16], "texture": "#0"},
				"up": {"uv": [0, 0, 16, 16], "rotation": 270, "texture": "#0"},
				"down": {"uv": [0, 0, 16, 16], "rotation": 90, "texture": "#0"}
			}
		},
		{
			"from": [14, 11, 11],
			"to": [14, 15, 15],
			"rotation": {"angle": -45, "axis": "x", "origin": [8, 8, 8]},
			"faces": {
				"north": {"uv": [0, 0, 1, 1], "texture": "#6"},
				"east": {"uv": [0, 0, 16, 16], "texture": "#4"},
				"south": {"uv": [0, 0, 1, 1], "texture": "#6"},
				"west": {"uv": [0, 0, 1, 1], "texture": "#6"},
				"up": {"uv": [0, 0, 1, 1], "texture": "#6"},
				"down": {"uv": [0, 0, 1, 1], "texture": "#6"}
			}
		},
		{
			"from": [1.9, 11, 11],
			"to": [1.9, 15, 15],
			"rotation": {"angle": -45, "axis": "x", "origin": [8, 8, 8]},
			"faces": {
				"north": {"uv": [0, 0, 1, 1], "texture": "#6"},
				"east": {"uv": [0, 0, 16, 16], "texture": "#4"},
				"south": {"uv": [0, 0, 1, 1], "texture": "#6"},
				"west": {"uv": [0, 0, 16, 16], "texture": "#4"},
				"up": {"uv": [0, 0, 1, 1], "texture": "#6"},
				"down": {"uv": [0, 0, 1, 1], "texture": "#6"}
			}
		},
		{
			"from": [16, 13, 6],
			"to": [17, 17, 10],
			"faces": {
				"north": {"uv": [0, 0, 16, 16], "texture": "#6"},
				"east": {"uv": [0, 0, 16, 16], "texture": "#3"},
				"south": {"uv": [0, 0, 16, 16], "texture": "#6"},
				"west": {"uv": [0, 0, 16, 16], "texture": "#6"},
				"up": {"uv": [0, 0, 16, 16], "texture": "#6"},
				"down": {"uv": [0, 0, 16, 16], "texture": "#6"}
			}
		},
		{
			"from": [14, 14, 7],
			"to": [16, 16, 9],
			"faces": {
				"north": {"uv": [0, 0, 16, 16], "texture": "#8"},
				"east": {"uv": [0, 0, 16, 16], "texture": "#8"},
				"south": {"uv": [0, 0, 16, 16], "texture": "#8"},
				"west": {"uv": [0, 0, 16, 16], "texture": "#8"},
				"up": {"uv": [0, 0, 16, 16], "texture": "#8"},
				"down": {"uv": [0, 0, 16, 16], "texture": "#8"}
			}
		}
	],
	"display": {
		"thirdperson_righthand": {
			"rotation": [24, 90, 0],
			"translation": [0, 4, 4.25],
			"scale": [0.85, 0.85, 0.85]
		},
		"thirdperson_lefthand": {
			"rotation": [0, -90, -39],
			"translation": [0, 2.75, 4.5],
			"scale": [0.85, 0.85, 0.85]
		},
		"firstperson_righthand": {
			"rotation": [-44, 90, 25],
			"translation": [1.13, 3.2, 1.13],
			"scale": [0.68, 0.68, 0.68]
		},
		"firstperson_lefthand": {
			"rotation": [-45, -90, -25],
			"translation": [1.13, 3.2, 1.13],
			"scale": [0.68, 0.68, 0.68]
		},
		"ground": {
			"rotation": [0, 0, -45],
			"scale": [0.48, 0.48, 0.48]
		},
		"gui": {
			"rotation": [0, 0, -45],
			"translation": [-1.5, -1, 0],
			"scale": [0.9, 0.9, 0.9]
		},
		"head": {
			"rotation": [-121, 90, 0],
			"translation": [0, 19, 2.5]
		},
		"fixed": {
			"translation": [0, -0.5, -4]
		}
	}
}