{
	"credit": "Made with Blockbench",
	"textures": {
		"5": "block/cracked_stone_bricks",
		"6": "block/stone_bricks"
	},
	"elements": [
		{
			"from": [7, 3, -6],
			"to": [9, 5, 22],
			"faces": {
				"north": {"uv": [0, 0, 16, 16], "texture": "#5"},
				"east": {"uv": [0, 0, 16, 16], "texture": "#6"},
				"south": {"uv": [0, 0, 16, 16], "texture": "#6"},
				"west": {"uv": [0, 0, 16, 16], "texture": "#6"},
				"up": {"uv": [0, 0, 6, 16], "texture": "#6"},
				"down": {"uv": [0, 0, 6, 16], "texture": "#6"}
			}
		}
	],
	"display": {
		"thirdperson_righthand": {
			"rotation": [95, 0, 0],
			"translation": [0, 4.75, 3.25],
			"scale": [0.6, 0.6, 1]
		},
		"thirdperson_lefthand": {
			"rotation": [90, 30, 0],
			"translation": [0, -1.5, 1.75],
			"scale": [0.6, 0.6, 1]
		},
		"firstperson_righthand": {
			"rotation": [84, 15, 0],
			"translation": [6, 5.25, -2.5],
			"scale": [0.6, 0.6, 1]
		},
		"firstperson_lefthand": {
			"rotation": [85, 7, 0],
			"translation": [3.25, 0.5, 0],
			"scale": [0.6, 0.6, 1]
		},
		"ground": {
			"rotation": [42, 0, 0],
			"translation": [0, 4.25, 0],
			"scale": [0.4, 0.4, 0.9]
		},
		"gui": {
			"rotation": [90, -46, 3],
			"scale": [0.5, 0.5, 0.8]
		},
		"head": {
			"translation": [0, 14.25, 0],
			"scale": [0, 0, 0]
		},
		"fixed": {
			"rotation": [90, 90, 0],
			"scale": [0.7, 0.7, 1]
		}
	}
}