{
	"credit": "Made with Blockbench",
	"textures": {
		"0": "block/oak_log_top",
		"1": "block/spruce_door_top",
		"2": "weapon:stripped_oak_log",
		"3": "block/stripped_oak_log_top",
		"4": "weapon:stripped_oak_log_modified",
		"particle": "block/oak_log_top"
	},
	"elements": [
		{
			"from": [7, 3, -6],
			"to": [9, 5, 22],
			"faces": {
				"north": {"uv": [0, 0, 16, 16], "texture": "#3"},
				"east": {"uv": [0, 0, 16, 16], "texture": "#2"},
				"south": {"uv": [0, 0, 16, 16], "texture": "#3"},
				"west": {"uv": [0, 0, 16, 16], "texture": "#2"},
				"up": {"uv": [0, 0, 6, 16], "texture": "#4"},
				"down": {"uv": [0, 0, 6, 16], "texture": "#4"}
			}
		},
		{
			"from": [6, 2, 13],
			"to": [10, 6, 16],
			"faces": {
				"north": {"uv": [0, 0, 16, 16], "texture": "#0"},
				"east": {"uv": [0, 4, 16, 16], "rotation": 90, "texture": "#1"},
				"south": {"uv": [0, 0, 16, 16], "texture": "#0"},
				"west": {"uv": [0, 4, 16, 16], "rotation": 90, "texture": "#1"},
				"up": {"uv": [0, 4, 16, 16], "texture": "#1"},
				"down": {"uv": [0, 4, 16, 16], "texture": "#1"}
			}
		},
		{
			"from": [6, 2, 0],
			"to": [10, 6, 3],
			"faces": {
				"north": {"uv": [0, 0, 16, 16], "texture": "#0"},
				"east": {"uv": [0, 4, 16, 16], "rotation": 90, "texture": "#1"},
				"south": {"uv": [0, 0, 16, 16], "texture": "#0"},
				"west": {"uv": [0, 4, 16, 16], "rotation": 90, "texture": "#1"},
				"up": {"uv": [0, 4, 16, 16], "texture": "#1"},
				"down": {"uv": [0, 4, 16, 16], "texture": "#1"}
			}
		}
	],
	"display": {
		"thirdperson_righthand": {
			"rotation": [95, 0, 0],
			"translation": [0, 4.75, 3.25],
			"scale": [0.4, 0.4, 1]
		},
		"thirdperson_lefthand": {
			"rotation": [90, 30, 0],
			"translation": [0, -1.5, 1.75],
			"scale": [0.4, 0.4, 1]
		},
		"firstperson_righthand": {
			"rotation": [84, 15, 0],
			"translation": [6, 5.25, -2.5],
			"scale": [0.6, 0.4, 1]
		},
		"firstperson_lefthand": {
			"rotation": [85, 7, 0],
			"translation": [3.25, 0.5, 0],
			"scale": [0.6, 0.4, 1]
		},
		"ground": {
			"rotation": [42, 0, 0],
			"translation": [0, 4.25, 0],
			"scale": [0.4, 0.4, 0.9]
		},
		"gui": {
			"rotation": [90, -46, 3],
			"scale": [0.5, 0.5, 0.8]
		},
		"head": {
			"translation": [0, 14.25, 0],
			"scale": [0, 0, 0]
		},
		"fixed": {
			"rotation": [90, 90, 0],
			"scale": [0.7, 0.7, 1]
		}
	}
}