{
    "pools": [
        {
            "rolls": 1,
            "entries": [
                {
                    "type": "loot_table",
                    "name": "minecraft:gameplay/fishing/junk",
                    "weight": 10,
                    "quality": -2
                },
                {
                    "type": "loot_table",
                    "name": "minecraft:gameplay/fishing/treasure",
                    "conditions": [
                        {
                          "condition": "minecraft:entity_properties",
                          "predicate": {
                            "fishing_hook": {
                              "in_open_water": true
                            }
                          },
                          "entity": "this"
                        }
                      ],
                    "weight": 10,
                    "quality": 2
                },
                {
                    "type": "loot_table",
                    "name": "minecraft:gameplay/fishing/fish",
                    "weight": 80,
                    "quality": -1
                }
            ]
        }
    ]
}