{
  "type": "minecraft:gift",
  "pools": [
    {
      "rolls": 1,
      "entries": [
        {
          "type": "minecraft:item",
          "weight": 10,
          "name": "minecraft:rabbit_hide"
        },
        {
          "type": "minecraft:item",
          "weight": 10,
          "name": "minecraft:rabbit_foot"
        },
        {
          "type": "minecraft:item",
          "weight": 10,
          "name": "minecraft:chicken"
        },
        {
          "type": "minecraft:item",
          "weight": 10,
          "name": "minecraft:feather"
        },
        {
          "type": "minecraft:item",
          "weight": 10,
          "name": "minecraft:rotten_flesh"
        },
        {
          "type": "minecraft:item",
          "weight": 10,
          "name": "minecraft:string"
        },
        {
          "type": "minecraft:item",
          "weight": 2,
          "name": "minecraft:phantom_membrane"
        },
		{
          "type": "minecraft:item",
		  "weight":5,
          "name": "minecraft:bone",
		  "functions":[
		    {
			    "function":"minecraft:set_nbt",
				"tag":"{display:{Lore:['{\"translate\":\"lore.cam.fishbone\",\"color\":\"gray\",\"italic\":\"false\"}'],Name:'[{\"translate\":\"item.cam.fishbone\",\"italic\":\"false\"}]'},CustomModelData:9102004}"
			}
		  ]
        }
      ]
    }
  ]
}