{
    "pools": [
        {
            "rolls": 1,
            "entries": [
                {
                    "type":"item",
                    "name": "emerald",
                    "functions": [
                        {
                            "function": "set_count",
                            "count": {
                                "max":15,
                                "min": 6
                            }
                        }
                    ]
                }
            ]
        }
    ]
}