{
	"credit": "Made with Blockbench",
	"textures": {
		"1": "sword:texture",
		"3": "sword:texture2",
		"4": "sword:texture1",
		"5": "sword:texture3",
		"6": "sword:texture11",
		"8": "sword:texture5",
		"9": "sword:texture6",
		"10": "sword:texture7"
	},
	"elements": [
		{
			"from": [9, 0, 7],
			"to": [25, 16, 11],
			"faces": {
				"north": {"uv": [0, 0, 16, 16], "texture": "#1"},
				"east": {"uv": [0, 0, 1, 16], "texture": "#6"},
				"south": {"uv": [16, 0, 0, 16], "texture": "#1"},
				"west": {"uv": [0, 0, 1, 16], "texture": "#6"},
				"up": {"uv": [0, 0, 16, 1], "texture": "#6"},
				"down": {"uv": [0, 0, 16, 1], "texture": "#6"}
			}
		},
		{
			"from": [-7, 0, 7],
			"to": [9, 16, 11],
			"faces": {
				"north": {"uv": [0, 0, 16, 16], "texture": "#5"},
				"east": {"uv": [0, 0, 1, 16], "texture": "#6"},
				"south": {"uv": [16, 0, 0, 16], "texture": "#5"},
				"west": {"uv": [0, 0, 1, 16], "texture": "#6"},
				"up": {"uv": [0, 0, 16, 1], "texture": "#6"},
				"down": {"uv": [0, 0, 16, 1], "texture": "#6"}
			}
		},
		{
			"from": [-7, 16, 7],
			"to": [9, 32, 11],
			"faces": {
				"north": {"uv": [0, 0, 16, 16], "texture": "#3"},
				"east": {"uv": [0, 0, 1, 16], "texture": "#6"},
				"south": {"uv": [16, 0, 0, 16], "texture": "#3"},
				"west": {"uv": [0, 0, 1, 16], "texture": "#6"},
				"up": {"uv": [0, 0, 16, 1], "texture": "#6"},
				"down": {"uv": [0, 0, 16, 1], "texture": "#6"}
			}
		},
		{
			"from": [9, 16, 7],
			"to": [25, 32, 11],
			"faces": {
				"north": {"uv": [0, 0, 16, 16], "texture": "#4"},
				"east": {"uv": [0, 0, 1, 16], "texture": "#6"},
				"south": {"uv": [16, 0, 0, 16], "texture": "#4"},
				"west": {"uv": [0, 0, 1, 16], "texture": "#6"},
				"up": {"uv": [0, 0, 16, 1], "texture": "#6"},
				"down": {"uv": [0, 0, 16, 1], "texture": "#6"}
			}
		},
		{
			"from": [15, 8, 6],
			"to": [17, 10, 7],
			"faces": {
				"north": {"uv": [8, 6, 10, 8], "texture": "#1"},
				"east": {"uv": [6, 8, 8, 9], "rotation": 90, "texture": "#1"},
				"south": {"uv": [0, 0, 2, 2], "texture": "#1"},
				"west": {"uv": [8, 6, 9, 8], "texture": "#1"},
				"up": {"uv": [8, 6, 10, 7], "texture": "#1"},
				"down": {"uv": [8, 6, 10, 7], "texture": "#1"}
			}
		},
		{
			"from": [17, 6, 6],
			"to": [19, 8, 7],
			"faces": {
				"north": {"uv": [6, 8, 8, 10], "texture": "#1"},
				"east": {"uv": [6, 8, 8, 9], "rotation": 90, "texture": "#1"},
				"south": {"uv": [0, 0, 2, 2], "texture": "#1"},
				"west": {"uv": [8, 6, 9, 8], "texture": "#1"},
				"up": {"uv": [8, 6, 10, 7], "texture": "#1"},
				"down": {"uv": [8, 6, 10, 7], "texture": "#1"}
			}
		},
		{
			"from": [17, 6, 11],
			"to": [19, 8, 12],
			"faces": {
				"north": {"uv": [6, 8, 8, 10], "texture": "#1"},
				"east": {"uv": [6, 8, 8, 9], "rotation": 90, "texture": "#1"},
				"south": {"uv": [0, 0, 2, 2], "texture": "#1"},
				"west": {"uv": [8, 6, 9, 8], "texture": "#1"},
				"up": {"uv": [8, 6, 10, 7], "texture": "#1"},
				"down": {"uv": [8, 6, 10, 7], "texture": "#1"}
			}
		},
		{
			"from": [9, 14, 6],
			"to": [11, 16, 7],
			"faces": {
				"north": {"uv": [6, 8, 8, 10], "texture": "#1"},
				"east": {"uv": [6, 8, 8, 9], "rotation": 90, "texture": "#1"},
				"south": {"uv": [0, 0, 2, 2], "texture": "#1"},
				"west": {"uv": [8, 6, 9, 8], "texture": "#1"},
				"up": {"uv": [8, 6, 10, 7], "texture": "#1"},
				"down": {"uv": [8, 6, 10, 7], "texture": "#1"}
			}
		},
		{
			"from": [7, 16, 6],
			"to": [9, 18, 7],
			"faces": {
				"north": {"uv": [6, 8, 8, 10], "texture": "#1"},
				"east": {"uv": [6, 8, 8, 9], "rotation": 90, "texture": "#1"},
				"south": {"uv": [0, 0, 2, 2], "texture": "#1"},
				"west": {"uv": [8, 6, 9, 8], "texture": "#1"},
				"up": {"uv": [8, 6, 10, 7], "texture": "#1"},
				"down": {"uv": [8, 6, 10, 7], "texture": "#1"}
			}
		},
		{
			"from": [5, 18, 6],
			"to": [7, 20, 7],
			"faces": {
				"north": {"uv": [6, 8, 8, 10], "texture": "#1"},
				"east": {"uv": [6, 8, 8, 9], "rotation": 90, "texture": "#1"},
				"south": {"uv": [0, 0, 2, 2], "texture": "#1"},
				"west": {"uv": [8, 6, 9, 8], "texture": "#1"},
				"up": {"uv": [8, 6, 10, 7], "texture": "#1"},
				"down": {"uv": [8, 6, 10, 7], "texture": "#1"}
			}
		},
		{
			"from": [3, 20, 6],
			"to": [5, 22, 7],
			"faces": {
				"north": {"uv": [6, 8, 8, 10], "texture": "#1"},
				"east": {"uv": [6, 8, 8, 9], "rotation": 90, "texture": "#1"},
				"south": {"uv": [0, 0, 2, 2], "texture": "#1"},
				"west": {"uv": [8, 6, 9, 8], "texture": "#1"},
				"up": {"uv": [8, 6, 10, 7], "texture": "#1"},
				"down": {"uv": [8, 6, 10, 7], "texture": "#1"}
			}
		},
		{
			"from": [1, 22, 6],
			"to": [3, 24, 7],
			"faces": {
				"north": {"uv": [6, 8, 8, 10], "texture": "#1"},
				"east": {"uv": [6, 8, 8, 9], "rotation": 90, "texture": "#1"},
				"south": {"uv": [0, 0, 2, 2], "texture": "#1"},
				"west": {"uv": [8, 6, 9, 8], "texture": "#1"},
				"up": {"uv": [8, 6, 10, 7], "texture": "#1"},
				"down": {"uv": [8, 6, 10, 7], "texture": "#1"}
			}
		},
		{
			"from": [-1, 24, 6],
			"to": [1, 26, 7],
			"faces": {
				"north": {"uv": [6, 8, 8, 10], "texture": "#1"},
				"east": {"uv": [6, 8, 8, 9], "rotation": 90, "texture": "#1"},
				"south": {"uv": [0, 0, 2, 2], "texture": "#1"},
				"west": {"uv": [8, 6, 9, 8], "texture": "#1"},
				"up": {"uv": [8, 6, 10, 7], "texture": "#1"},
				"down": {"uv": [8, 6, 10, 7], "texture": "#1"}
			}
		},
		{
			"from": [-3, 26, 6],
			"to": [-1, 28, 7],
			"faces": {
				"north": {"uv": [6, 8, 8, 10], "texture": "#1"},
				"east": {"uv": [6, 8, 8, 9], "rotation": 90, "texture": "#1"},
				"south": {"uv": [0, 0, 2, 2], "texture": "#1"},
				"west": {"uv": [8, 6, 9, 8], "texture": "#1"},
				"up": {"uv": [8, 6, 10, 7], "texture": "#1"},
				"down": {"uv": [8, 6, 10, 7], "texture": "#1"}
			}
		},
		{
			"from": [-5, 28, 6],
			"to": [-3, 30, 7],
			"faces": {
				"north": {"uv": [6, 8, 8, 10], "texture": "#1"},
				"east": {"uv": [6, 8, 8, 9], "rotation": 90, "texture": "#1"},
				"south": {"uv": [0, 0, 2, 2], "texture": "#1"},
				"west": {"uv": [8, 6, 9, 8], "texture": "#1"},
				"up": {"uv": [8, 6, 10, 7], "texture": "#1"},
				"down": {"uv": [8, 6, 10, 7], "texture": "#1"}
			}
		},
		{
			"from": [-5, 28, 11],
			"to": [-3, 30, 12],
			"faces": {
				"north": {"uv": [6, 8, 8, 10], "texture": "#1"},
				"east": {"uv": [6, 8, 8, 9], "rotation": 90, "texture": "#1"},
				"south": {"uv": [0, 0, 2, 2], "texture": "#1"},
				"west": {"uv": [8, 6, 9, 8], "texture": "#1"},
				"up": {"uv": [8, 6, 10, 7], "texture": "#1"},
				"down": {"uv": [8, 6, 10, 7], "texture": "#1"}
			}
		},
		{
			"from": [-3, 26, 11],
			"to": [-1, 28, 12],
			"faces": {
				"north": {"uv": [6, 8, 8, 10], "texture": "#1"},
				"east": {"uv": [6, 8, 8, 9], "rotation": 90, "texture": "#1"},
				"south": {"uv": [0, 0, 2, 2], "texture": "#1"},
				"west": {"uv": [8, 6, 9, 8], "texture": "#1"},
				"up": {"uv": [8, 6, 10, 7], "texture": "#1"},
				"down": {"uv": [8, 6, 10, 7], "texture": "#1"}
			}
		},
		{
			"from": [7, 16, 11],
			"to": [9, 18, 12],
			"faces": {
				"north": {"uv": [6, 8, 8, 10], "texture": "#1"},
				"east": {"uv": [6, 8, 8, 9], "rotation": 90, "texture": "#1"},
				"south": {"uv": [6, 8, 8, 10], "texture": "#1"},
				"west": {"uv": [8, 6, 9, 8], "texture": "#1"},
				"up": {"uv": [8, 6, 10, 7], "texture": "#1"},
				"down": {"uv": [8, 6, 10, 7], "texture": "#1"}
			}
		},
		{
			"from": [9, 14, 11],
			"to": [11, 16, 12],
			"faces": {
				"north": {"uv": [6, 8, 8, 10], "texture": "#1"},
				"east": {"uv": [6, 8, 8, 9], "rotation": 90, "texture": "#1"},
				"south": {"uv": [6, 8, 8, 10], "texture": "#1"},
				"west": {"uv": [8, 6, 9, 8], "texture": "#1"},
				"up": {"uv": [8, 6, 10, 7], "texture": "#1"},
				"down": {"uv": [8, 6, 10, 7], "texture": "#1"}
			}
		},
		{
			"from": [15, 8, 11],
			"to": [17, 10, 12],
			"faces": {
				"north": {"uv": [6, 8, 8, 10], "texture": "#1"},
				"east": {"uv": [6, 8, 8, 9], "rotation": 90, "texture": "#1"},
				"south": {"uv": [6, 8, 8, 10], "texture": "#1"},
				"west": {"uv": [8, 6, 9, 8], "texture": "#1"},
				"up": {"uv": [8, 6, 10, 7], "texture": "#1"},
				"down": {"uv": [8, 6, 10, 7], "texture": "#1"}
			}
		},
		{
			"from": [13, 10, 11],
			"to": [15, 12, 12],
			"faces": {
				"north": {"uv": [6, 8, 8, 10], "texture": "#1"},
				"east": {"uv": [6, 8, 8, 9], "rotation": 90, "texture": "#1"},
				"south": {"uv": [10, 4, 12, 6], "texture": "#1"},
				"west": {"uv": [8, 6, 9, 8], "texture": "#1"},
				"up": {"uv": [8, 6, 10, 7], "texture": "#1"},
				"down": {"uv": [8, 6, 10, 7], "texture": "#1"}
			}
		},
		{
			"from": [11, 12, 11],
			"to": [13, 14, 12],
			"faces": {
				"north": {"uv": [6, 8, 8, 10], "texture": "#1"},
				"east": {"uv": [6, 8, 8, 9], "rotation": 90, "texture": "#1"},
				"south": {"uv": [10, 4, 12, 6], "texture": "#1"},
				"west": {"uv": [8, 6, 9, 8], "texture": "#1"},
				"up": {"uv": [8, 6, 10, 7], "texture": "#1"},
				"down": {"uv": [8, 6, 10, 7], "texture": "#1"}
			}
		},
		{
			"from": [11, 12, 6],
			"to": [13, 14, 7],
			"faces": {
				"north": {"uv": [6, 8, 8, 10], "texture": "#1"},
				"east": {"uv": [6, 8, 8, 9], "rotation": 90, "texture": "#1"},
				"south": {"uv": [10, 4, 12, 6], "texture": "#1"},
				"west": {"uv": [8, 6, 9, 8], "texture": "#1"},
				"up": {"uv": [8, 6, 10, 7], "texture": "#1"},
				"down": {"uv": [8, 6, 10, 7], "texture": "#1"}
			}
		},
		{
			"from": [13, 10, 6],
			"to": [15, 12, 7],
			"faces": {
				"north": {"uv": [6, 8, 8, 10], "texture": "#1"},
				"east": {"uv": [6, 8, 8, 9], "rotation": 90, "texture": "#1"},
				"south": {"uv": [10, 4, 12, 6], "texture": "#1"},
				"west": {"uv": [8, 6, 9, 8], "texture": "#1"},
				"up": {"uv": [8, 6, 10, 7], "texture": "#1"},
				"down": {"uv": [8, 6, 10, 7], "texture": "#1"}
			}
		},
		{
			"from": [19, 4, 11],
			"to": [21, 6, 12],
			"faces": {
				"north": {"uv": [6, 8, 8, 10], "texture": "#1"},
				"east": {"uv": [6, 8, 8, 9], "rotation": 90, "texture": "#1"},
				"south": {"uv": [6, 8, 8, 10], "texture": "#1"},
				"west": {"uv": [8, 6, 9, 8], "texture": "#1"},
				"up": {"uv": [8, 6, 10, 7], "texture": "#1"},
				"down": {"uv": [8, 6, 10, 7], "texture": "#1"}
			}
		},
		{
			"from": [5, 18, 11],
			"to": [7, 20, 12],
			"faces": {
				"north": {"uv": [6, 8, 8, 10], "texture": "#1"},
				"east": {"uv": [6, 8, 8, 9], "rotation": 90, "texture": "#1"},
				"south": {"uv": [6, 8, 8, 10], "texture": "#1"},
				"west": {"uv": [8, 6, 9, 8], "texture": "#1"},
				"up": {"uv": [8, 6, 10, 7], "texture": "#1"},
				"down": {"uv": [8, 6, 10, 7], "texture": "#1"}
			}
		},
		{
			"from": [3, 20, 11],
			"to": [5, 22, 12],
			"faces": {
				"north": {"uv": [6, 8, 8, 10], "texture": "#1"},
				"east": {"uv": [6, 8, 8, 9], "rotation": 90, "texture": "#1"},
				"south": {"uv": [6, 8, 8, 10], "texture": "#1"},
				"west": {"uv": [8, 6, 9, 8], "texture": "#1"},
				"up": {"uv": [8, 6, 10, 7], "texture": "#1"},
				"down": {"uv": [8, 6, 10, 7], "texture": "#1"}
			}
		},
		{
			"from": [1, 22, 11],
			"to": [3, 24, 12],
			"faces": {
				"north": {"uv": [6, 8, 8, 10], "texture": "#1"},
				"east": {"uv": [6, 8, 8, 9], "rotation": 90, "texture": "#1"},
				"south": {"uv": [6, 8, 8, 10], "texture": "#1"},
				"west": {"uv": [8, 6, 9, 8], "texture": "#1"},
				"up": {"uv": [8, 6, 10, 7], "texture": "#1"},
				"down": {"uv": [8, 6, 10, 7], "texture": "#1"}
			}
		},
		{
			"from": [-1, 24, 11],
			"to": [1, 26, 12],
			"faces": {
				"north": {"uv": [6, 8, 8, 10], "texture": "#1"},
				"east": {"uv": [6, 8, 8, 9], "rotation": 90, "texture": "#1"},
				"south": {"uv": [6, 8, 8, 10], "texture": "#1"},
				"west": {"uv": [8, 6, 9, 8], "texture": "#1"},
				"up": {"uv": [8, 6, 10, 7], "texture": "#1"},
				"down": {"uv": [8, 6, 10, 7], "texture": "#1"}
			}
		},
		{
			"from": [19, 4, 6],
			"to": [21, 6, 7],
			"faces": {
				"north": {"uv": [4, 10, 6, 12], "texture": "#1"},
				"east": {"uv": [6, 8, 8, 9], "rotation": 90, "texture": "#1"},
				"south": {"uv": [0, 0, 2, 2], "texture": "#1"},
				"west": {"uv": [8, 6, 9, 8], "texture": "#1"},
				"up": {"uv": [8, 6, 10, 7], "texture": "#1"},
				"down": {"uv": [8, 6, 10, 7], "texture": "#1"}
			}
		},
		{
			"from": [19, 0, 7],
			"to": [25, 6, 11],
			"faces": {
				"north": {"uv": [0, 5, 2, 7], "texture": "#1"},
				"east": {"uv": [2, 10, 3, 11], "rotation": 90, "texture": "#1"},
				"south": {"uv": [0, 0, 2, 2], "texture": "#1"},
				"west": {"uv": [8, 6, 9, 8], "texture": "#1"},
				"up": {"uv": [8, 6, 10, 7], "texture": "#1"},
				"down": {"uv": [8, 6, 10, 7], "texture": "#1"}
			}
		},
		{
			"from": [18, 6, 7],
			"to": [21, 7, 11],
			"faces": {
				"north": {"uv": [0, 0, 1, 3], "texture": "#1"},
				"east": {"uv": [4, 9, 5, 10], "rotation": 90, "texture": "#1"},
				"south": {"uv": [0, 0, 2, 2], "texture": "#1"},
				"west": {"uv": [8, 6, 9, 8], "texture": "#1"},
				"up": {"uv": [8, 6, 10, 7], "texture": "#1"},
				"down": {"uv": [8, 6, 10, 7], "texture": "#1"}
			}
		},
		{
			"from": [17, 7, 7],
			"to": [20, 8, 11],
			"faces": {
				"north": {"uv": [0, 0, 1, 3], "texture": "#1"},
				"east": {"uv": [4, 9, 5, 10], "rotation": 90, "texture": "#1"},
				"south": {"uv": [0, 0, 2, 2], "texture": "#1"},
				"west": {"uv": [8, 6, 9, 8], "texture": "#1"},
				"up": {"uv": [8, 6, 10, 7], "texture": "#1"},
				"down": {"uv": [8, 6, 10, 7], "texture": "#1"}
			}
		},
		{
			"from": [16, 8, 7],
			"to": [19, 9, 11],
			"faces": {
				"north": {"uv": [0, 0, 1, 3], "texture": "#1"},
				"east": {"uv": [4, 9, 5, 10], "rotation": 90, "texture": "#1"},
				"south": {"uv": [0, 0, 2, 2], "texture": "#1"},
				"west": {"uv": [8, 6, 9, 8], "texture": "#1"},
				"up": {"uv": [8, 6, 10, 7], "texture": "#1"},
				"down": {"uv": [8, 6, 10, 7], "texture": "#1"}
			}
		},
		{
			"from": [15, 9, 7],
			"to": [18, 10, 11],
			"faces": {
				"north": {"uv": [0, 0, 1, 3], "texture": "#1"},
				"east": {"uv": [4, 9, 5, 10], "rotation": 90, "texture": "#1"},
				"south": {"uv": [0, 0, 2, 2], "texture": "#1"},
				"west": {"uv": [8, 6, 9, 8], "texture": "#1"},
				"up": {"uv": [8, 6, 10, 7], "texture": "#1"},
				"down": {"uv": [8, 6, 10, 7], "texture": "#1"}
			}
		},
		{
			"from": [14, 10, 7],
			"to": [17, 11, 11],
			"faces": {
				"north": {"uv": [0, 0, 1, 3], "texture": "#1"},
				"east": {"uv": [4, 9, 5, 10], "rotation": 90, "texture": "#1"},
				"south": {"uv": [0, 0, 2, 2], "texture": "#1"},
				"west": {"uv": [8, 6, 9, 8], "texture": "#1"},
				"up": {"uv": [8, 6, 10, 7], "texture": "#1"},
				"down": {"uv": [8, 6, 10, 7], "texture": "#1"}
			}
		},
		{
			"from": [14, 11, 7],
			"to": [17, 12, 11],
			"faces": {
				"north": {"uv": [0, 0, 1, 3], "texture": "#1"},
				"east": {"uv": [4, 9, 5, 10], "rotation": 90, "texture": "#1"},
				"south": {"uv": [0, 0, 2, 2], "texture": "#1"},
				"west": {"uv": [8, 6, 9, 8], "texture": "#1"},
				"up": {"uv": [8, 6, 10, 7], "texture": "#1"},
				"down": {"uv": [8, 6, 10, 7], "texture": "#1"}
			}
		},
		{
			"from": [14, 12, 7],
			"to": [17, 13, 11],
			"faces": {
				"north": {"uv": [0, 0, 1, 3], "texture": "#1"},
				"east": {"uv": [4, 9, 5, 10], "rotation": 90, "texture": "#1"},
				"south": {"uv": [0, 0, 2, 2], "texture": "#1"},
				"west": {"uv": [8, 6, 9, 8], "texture": "#1"},
				"up": {"uv": [8, 6, 10, 7], "texture": "#1"},
				"down": {"uv": [8, 6, 10, 7], "texture": "#1"}
			}
		},
		{
			"from": [15, 13, 7],
			"to": [18, 14, 11],
			"faces": {
				"north": {"uv": [0, 0, 1, 3], "texture": "#1"},
				"east": {"uv": [4, 9, 5, 10], "rotation": 90, "texture": "#1"},
				"south": {"uv": [0, 0, 2, 2], "texture": "#1"},
				"west": {"uv": [8, 6, 9, 8], "texture": "#1"},
				"up": {"uv": [8, 6, 10, 7], "texture": "#1"},
				"down": {"uv": [8, 6, 10, 7], "texture": "#1"}
			}
		},
		{
			"from": [15, 14, 7],
			"to": [18, 15, 11],
			"faces": {
				"north": {"uv": [0, 0, 1, 3], "texture": "#1"},
				"east": {"uv": [4, 9, 5, 10], "rotation": 90, "texture": "#1"},
				"south": {"uv": [0, 0, 2, 2], "texture": "#1"},
				"west": {"uv": [8, 6, 9, 8], "texture": "#1"},
				"up": {"uv": [8, 6, 10, 7], "texture": "#1"},
				"down": {"uv": [8, 6, 10, 7], "texture": "#1"}
			}
		},
		{
			"from": [15, 15, 7],
			"to": [18, 16, 11],
			"faces": {
				"north": {"uv": [0, 0, 1, 3], "texture": "#1"},
				"east": {"uv": [4, 9, 5, 10], "rotation": 90, "texture": "#1"},
				"south": {"uv": [0, 0, 2, 2], "texture": "#1"},
				"west": {"uv": [8, 6, 9, 8], "texture": "#1"},
				"up": {"uv": [8, 6, 10, 7], "texture": "#1"},
				"down": {"uv": [8, 6, 10, 7], "texture": "#1"}
			}
		},
		{
			"from": [15, 16, 7],
			"to": [19, 17, 11],
			"faces": {
				"north": {"uv": [0, 0, 1, 3], "texture": "#1"},
				"east": {"uv": [4, 9, 5, 10], "rotation": 90, "texture": "#1"},
				"south": {"uv": [0, 0, 2, 2], "texture": "#1"},
				"west": {"uv": [8, 6, 9, 8], "texture": "#1"},
				"up": {"uv": [8, 6, 10, 7], "texture": "#1"},
				"down": {"uv": [8, 6, 10, 7], "texture": "#1"}
			}
		},
		{
			"from": [15, 17, 7],
			"to": [20, 18, 11],
			"faces": {
				"north": {"uv": [0, 0, 1, 3], "texture": "#1"},
				"east": {"uv": [4, 9, 5, 10], "rotation": 90, "texture": "#1"},
				"south": {"uv": [0, 0, 2, 2], "texture": "#1"},
				"west": {"uv": [8, 6, 9, 8], "texture": "#1"},
				"up": {"uv": [8, 6, 10, 7], "texture": "#1"},
				"down": {"uv": [8, 6, 10, 7], "texture": "#1"}
			}
		},
		{
			"from": [17, 18, 7],
			"to": [20, 19, 11],
			"faces": {
				"north": {"uv": [0, 0, 1, 3], "texture": "#1"},
				"east": {"uv": [4, 9, 5, 10], "rotation": 90, "texture": "#1"},
				"south": {"uv": [0, 0, 2, 2], "texture": "#1"},
				"west": {"uv": [8, 6, 9, 8], "texture": "#1"},
				"up": {"uv": [8, 6, 10, 7], "texture": "#1"},
				"down": {"uv": [8, 6, 10, 7], "texture": "#1"}
			}
		},
		{
			"from": [18, 19, 7],
			"to": [20, 20, 11],
			"faces": {
				"north": {"uv": [0, 0, 1, 3], "texture": "#1"},
				"east": {"uv": [4, 9, 5, 10], "rotation": 90, "texture": "#1"},
				"south": {"uv": [0, 0, 2, 2], "texture": "#1"},
				"west": {"uv": [8, 6, 9, 8], "texture": "#1"},
				"up": {"uv": [8, 6, 10, 7], "texture": "#1"},
				"down": {"uv": [8, 6, 10, 7], "texture": "#1"}
			}
		},
		{
			"from": [12, 14, 7],
			"to": [15, 15, 11],
			"faces": {
				"north": {"uv": [0, 0, 1, 3], "texture": "#1"},
				"east": {"uv": [4, 9, 5, 10], "rotation": 90, "texture": "#1"},
				"south": {"uv": [0, 0, 2, 2], "texture": "#1"},
				"west": {"uv": [8, 6, 9, 8], "texture": "#1"},
				"up": {"uv": [8, 6, 10, 7], "texture": "#1"},
				"down": {"uv": [8, 6, 10, 7], "texture": "#1"}
			}
		},
		{
			"from": [11, 15, 7],
			"to": [14, 16, 11],
			"faces": {
				"north": {"uv": [0, 0, 1, 3], "texture": "#1"},
				"east": {"uv": [4, 9, 5, 10], "rotation": 90, "texture": "#1"},
				"south": {"uv": [0, 0, 2, 2], "texture": "#1"},
				"west": {"uv": [8, 6, 9, 8], "texture": "#1"},
				"up": {"uv": [8, 6, 10, 7], "texture": "#1"},
				"down": {"uv": [8, 6, 10, 7], "texture": "#1"}
			}
		},
		{
			"from": [9, 16, 7],
			"to": [12, 17, 11],
			"faces": {
				"north": {"uv": [0, 0, 1, 3], "texture": "#1"},
				"east": {"uv": [4, 9, 5, 10], "rotation": 90, "texture": "#1"},
				"south": {"uv": [0, 0, 2, 2], "texture": "#1"},
				"west": {"uv": [8, 6, 9, 8], "texture": "#1"},
				"up": {"uv": [8, 6, 10, 7], "texture": "#1"},
				"down": {"uv": [8, 6, 10, 7], "texture": "#1"}
			}
		},
		{
			"from": [8, 17, 7],
			"to": [11, 18, 11],
			"faces": {
				"north": {"uv": [0, 0, 1, 3], "texture": "#1"},
				"east": {"uv": [4, 9, 5, 10], "rotation": 90, "texture": "#1"},
				"south": {"uv": [0, 0, 2, 2], "texture": "#1"},
				"west": {"uv": [8, 6, 9, 8], "texture": "#1"},
				"up": {"uv": [8, 6, 10, 7], "texture": "#1"},
				"down": {"uv": [8, 6, 10, 7], "texture": "#1"}
			}
		},
		{
			"from": [7, 18, 7],
			"to": [10, 19, 11],
			"faces": {
				"north": {"uv": [0, 0, 1, 3], "texture": "#1"},
				"east": {"uv": [4, 9, 5, 10], "rotation": 90, "texture": "#1"},
				"south": {"uv": [0, 0, 2, 2], "texture": "#1"},
				"west": {"uv": [8, 6, 9, 8], "texture": "#1"},
				"up": {"uv": [8, 6, 10, 7], "texture": "#1"},
				"down": {"uv": [8, 6, 10, 7], "texture": "#1"}
			}
		},
		{
			"from": [6, 19, 7],
			"to": [9, 20, 11],
			"faces": {
				"north": {"uv": [0, 0, 1, 3], "texture": "#1"},
				"east": {"uv": [4, 9, 5, 10], "rotation": 90, "texture": "#1"},
				"south": {"uv": [0, 0, 2, 2], "texture": "#1"},
				"west": {"uv": [8, 6, 9, 8], "texture": "#1"},
				"up": {"uv": [8, 6, 10, 7], "texture": "#1"},
				"down": {"uv": [8, 6, 10, 7], "texture": "#1"}
			}
		},
		{
			"from": [5, 20, 7],
			"to": [8, 21, 11],
			"faces": {
				"north": {"uv": [0, 0, 1, 3], "texture": "#1"},
				"east": {"uv": [4, 9, 5, 10], "rotation": 90, "texture": "#1"},
				"south": {"uv": [0, 0, 2, 2], "texture": "#1"},
				"west": {"uv": [8, 6, 9, 8], "texture": "#1"},
				"up": {"uv": [8, 6, 10, 7], "texture": "#1"},
				"down": {"uv": [8, 6, 10, 7], "texture": "#1"}
			}
		},
		{
			"from": [4, 21, 7],
			"to": [7, 22, 11],
			"faces": {
				"north": {"uv": [0, 0, 1, 3], "texture": "#1"},
				"east": {"uv": [4, 9, 5, 10], "rotation": 90, "texture": "#1"},
				"south": {"uv": [0, 0, 2, 2], "texture": "#1"},
				"west": {"uv": [8, 6, 9, 8], "texture": "#1"},
				"up": {"uv": [8, 6, 10, 7], "texture": "#1"},
				"down": {"uv": [8, 6, 10, 7], "texture": "#1"}
			}
		},
		{
			"from": [3, 22, 7],
			"to": [6, 23, 11],
			"faces": {
				"north": {"uv": [0, 0, 1, 3], "texture": "#1"},
				"east": {"uv": [4, 9, 5, 10], "rotation": 90, "texture": "#1"},
				"south": {"uv": [0, 0, 2, 2], "texture": "#1"},
				"west": {"uv": [8, 6, 9, 8], "texture": "#1"},
				"up": {"uv": [8, 6, 10, 7], "texture": "#1"},
				"down": {"uv": [8, 6, 10, 7], "texture": "#1"}
			}
		},
		{
			"from": [-2, 23, 7],
			"to": [5, 24, 11],
			"faces": {
				"north": {"uv": [0, 0, 1, 3], "texture": "#1"},
				"east": {"uv": [4, 9, 5, 10], "rotation": 90, "texture": "#1"},
				"south": {"uv": [0, 0, 2, 2], "texture": "#1"},
				"west": {"uv": [8, 6, 9, 8], "texture": "#1"},
				"up": {"uv": [8, 6, 10, 7], "texture": "#1"},
				"down": {"uv": [8, 6, 10, 7], "texture": "#1"}
			}
		},
		{
			"from": [-3, 24, 7],
			"to": [4, 25, 11],
			"faces": {
				"north": {"uv": [0, 0, 1, 3], "texture": "#1"},
				"east": {"uv": [4, 9, 5, 10], "rotation": 90, "texture": "#1"},
				"south": {"uv": [0, 0, 2, 2], "texture": "#1"},
				"west": {"uv": [8, 6, 9, 8], "texture": "#1"},
				"up": {"uv": [8, 6, 10, 7], "texture": "#1"},
				"down": {"uv": [8, 6, 10, 7], "texture": "#1"}
			}
		},
		{
			"from": [-4, 25, 7],
			"to": [3, 26, 11],
			"faces": {
				"north": {"uv": [0, 0, 1, 3], "texture": "#1"},
				"east": {"uv": [4, 9, 5, 10], "rotation": 90, "texture": "#1"},
				"south": {"uv": [0, 0, 2, 2], "texture": "#1"},
				"west": {"uv": [8, 6, 9, 8], "texture": "#1"},
				"up": {"uv": [8, 6, 10, 7], "texture": "#1"},
				"down": {"uv": [8, 6, 10, 7], "texture": "#1"}
			}
		},
		{
			"from": [-5, 26, 7],
			"to": [2, 27, 11],
			"faces": {
				"north": {"uv": [0, 0, 1, 3], "texture": "#1"},
				"east": {"uv": [4, 9, 5, 10], "rotation": 90, "texture": "#1"},
				"south": {"uv": [0, 0, 2, 2], "texture": "#1"},
				"west": {"uv": [8, 6, 9, 8], "texture": "#1"},
				"up": {"uv": [8, 6, 10, 7], "texture": "#1"},
				"down": {"uv": [8, 6, 10, 7], "texture": "#1"}
			}
		},
		{
			"from": [-6, 27, 7],
			"to": [1, 28, 11],
			"faces": {
				"north": {"uv": [0, 0, 1, 3], "texture": "#1"},
				"east": {"uv": [4, 9, 5, 10], "rotation": 90, "texture": "#1"},
				"south": {"uv": [0, 0, 2, 2], "texture": "#1"},
				"west": {"uv": [8, 6, 9, 8], "texture": "#1"},
				"up": {"uv": [8, 6, 10, 7], "texture": "#1"},
				"down": {"uv": [8, 6, 10, 7], "texture": "#1"}
			}
		},
		{
			"from": [-6, 28, 7],
			"to": [0, 29, 11],
			"faces": {
				"north": {"uv": [0, 0, 1, 3], "texture": "#1"},
				"east": {"uv": [4, 9, 5, 10], "rotation": 90, "texture": "#1"},
				"south": {"uv": [0, 0, 2, 2], "texture": "#1"},
				"west": {"uv": [8, 6, 9, 8], "texture": "#1"},
				"up": {"uv": [8, 6, 10, 7], "texture": "#1"},
				"down": {"uv": [8, 6, 10, 7], "texture": "#1"}
			}
		},
		{
			"from": [-6, 29, 7],
			"to": [-1, 30, 11],
			"faces": {
				"north": {"uv": [0, 0, 1, 3], "texture": "#1"},
				"east": {"uv": [4, 9, 5, 10], "rotation": 90, "texture": "#1"},
				"south": {"uv": [0, 0, 2, 2], "texture": "#1"},
				"west": {"uv": [8, 6, 9, 8], "texture": "#1"},
				"up": {"uv": [8, 6, 10, 7], "texture": "#1"},
				"down": {"uv": [8, 6, 10, 7], "texture": "#1"}
			}
		},
		{
			"from": [-6, 30, 7],
			"to": [-2, 31, 11],
			"faces": {
				"north": {"uv": [0, 0, 1, 3], "texture": "#1"},
				"east": {"uv": [4, 9, 5, 10], "rotation": 90, "texture": "#1"},
				"south": {"uv": [0, 0, 2, 2], "texture": "#1"},
				"west": {"uv": [8, 6, 9, 8], "texture": "#1"},
				"up": {"uv": [8, 6, 10, 7], "texture": "#1"},
				"down": {"uv": [8, 6, 10, 7], "texture": "#1"}
			}
		},
		{
			"from": [-1, 22, 7],
			"to": [6, 23, 11],
			"faces": {
				"north": {"uv": [0, 0, 1, 3], "texture": "#1"},
				"east": {"uv": [4, 9, 5, 10], "rotation": 90, "texture": "#1"},
				"south": {"uv": [0, 0, 2, 2], "texture": "#1"},
				"west": {"uv": [8, 6, 9, 8], "texture": "#1"},
				"up": {"uv": [8, 6, 10, 7], "texture": "#1"},
				"down": {"uv": [8, 6, 10, 7], "texture": "#1"}
			}
		},
		{
			"from": [0, 21, 7],
			"to": [7, 22, 11],
			"faces": {
				"north": {"uv": [0, 0, 1, 3], "texture": "#1"},
				"east": {"uv": [4, 9, 5, 10], "rotation": 90, "texture": "#1"},
				"south": {"uv": [0, 0, 2, 2], "texture": "#1"},
				"west": {"uv": [8, 6, 9, 8], "texture": "#1"},
				"up": {"uv": [8, 6, 10, 7], "texture": "#1"},
				"down": {"uv": [8, 6, 10, 7], "texture": "#1"}
			}
		},
		{
			"from": [1, 20, 7],
			"to": [8, 21, 11],
			"faces": {
				"north": {"uv": [0, 0, 1, 3], "texture": "#1"},
				"east": {"uv": [4, 9, 5, 10], "rotation": 90, "texture": "#1"},
				"south": {"uv": [0, 0, 2, 2], "texture": "#1"},
				"west": {"uv": [8, 6, 9, 8], "texture": "#1"},
				"up": {"uv": [8, 6, 10, 7], "texture": "#1"},
				"down": {"uv": [8, 6, 10, 7], "texture": "#1"}
			}
		},
		{
			"from": [2, 19, 7],
			"to": [9, 20, 11],
			"faces": {
				"north": {"uv": [0, 0, 1, 3], "texture": "#1"},
				"east": {"uv": [4, 9, 5, 10], "rotation": 90, "texture": "#1"},
				"south": {"uv": [0, 0, 2, 2], "texture": "#1"},
				"west": {"uv": [8, 6, 9, 8], "texture": "#1"},
				"up": {"uv": [8, 6, 10, 7], "texture": "#1"},
				"down": {"uv": [8, 6, 10, 7], "texture": "#1"}
			}
		},
		{
			"from": [3, 18, 7],
			"to": [10, 19, 11],
			"faces": {
				"north": {"uv": [0, 0, 1, 3], "texture": "#1"},
				"east": {"uv": [4, 9, 5, 10], "rotation": 90, "texture": "#1"},
				"south": {"uv": [0, 0, 2, 2], "texture": "#1"},
				"west": {"uv": [8, 6, 9, 8], "texture": "#1"},
				"up": {"uv": [8, 6, 10, 7], "texture": "#1"},
				"down": {"uv": [8, 6, 10, 7], "texture": "#1"}
			}
		},
		{
			"from": [4, 17, 7],
			"to": [11, 18, 11],
			"faces": {
				"north": {"uv": [0, 0, 1, 3], "texture": "#1"},
				"east": {"uv": [4, 9, 5, 10], "rotation": 90, "texture": "#1"},
				"south": {"uv": [0, 0, 2, 2], "texture": "#1"},
				"west": {"uv": [8, 6, 9, 8], "texture": "#1"},
				"up": {"uv": [8, 6, 10, 7], "texture": "#1"},
				"down": {"uv": [8, 6, 10, 7], "texture": "#1"}
			}
		},
		{
			"from": [5, 16, 7],
			"to": [12, 17, 11],
			"faces": {
				"north": {"uv": [0, 0, 1, 3], "texture": "#1"},
				"east": {"uv": [4, 9, 5, 10], "rotation": 90, "texture": "#1"},
				"south": {"uv": [0, 0, 2, 2], "texture": "#1"},
				"west": {"uv": [8, 6, 9, 8], "texture": "#1"},
				"up": {"uv": [8, 6, 10, 7], "texture": "#1"},
				"down": {"uv": [8, 6, 10, 7], "texture": "#1"}
			}
		},
		{
			"from": [6, 15, 7],
			"to": [13, 16, 11],
			"faces": {
				"north": {"uv": [0, 0, 1, 3], "texture": "#1"},
				"east": {"uv": [4, 9, 5, 10], "rotation": 90, "texture": "#1"},
				"south": {"uv": [0, 0, 2, 2], "texture": "#1"},
				"west": {"uv": [8, 6, 9, 8], "texture": "#1"},
				"up": {"uv": [8, 6, 10, 7], "texture": "#1"},
				"down": {"uv": [8, 6, 10, 7], "texture": "#1"}
			}
		},
		{
			"from": [7, 14, 7],
			"to": [14, 15, 11],
			"faces": {
				"north": {"uv": [0, 0, 1, 3], "texture": "#1"},
				"east": {"uv": [4, 9, 5, 10], "rotation": 90, "texture": "#1"},
				"south": {"uv": [0, 0, 2, 2], "texture": "#1"},
				"west": {"uv": [8, 6, 9, 8], "texture": "#1"},
				"up": {"uv": [8, 6, 10, 7], "texture": "#1"},
				"down": {"uv": [8, 6, 10, 7], "texture": "#1"}
			}
		},
		{
			"from": [8, 13, 7],
			"to": [15, 14, 11],
			"faces": {
				"north": {"uv": [0, 0, 1, 3], "texture": "#1"},
				"east": {"uv": [4, 9, 5, 10], "rotation": 90, "texture": "#1"},
				"south": {"uv": [0, 0, 2, 2], "texture": "#1"},
				"west": {"uv": [8, 6, 9, 8], "texture": "#1"},
				"up": {"uv": [8, 6, 10, 7], "texture": "#1"},
				"down": {"uv": [8, 6, 10, 7], "texture": "#1"}
			}
		},
		{
			"from": [9, 12, 7],
			"to": [16, 13, 11],
			"faces": {
				"north": {"uv": [0, 0, 1, 3], "texture": "#1"},
				"east": {"uv": [4, 9, 5, 10], "rotation": 90, "texture": "#1"},
				"south": {"uv": [0, 0, 2, 2], "texture": "#1"},
				"west": {"uv": [8, 6, 9, 8], "texture": "#1"},
				"up": {"uv": [8, 6, 10, 7], "texture": "#1"},
				"down": {"uv": [8, 6, 10, 7], "texture": "#1"}
			}
		},
		{
			"from": [5, 5, 7],
			"to": [8, 6, 11],
			"faces": {
				"north": {"uv": [0, 0, 1, 3], "texture": "#1"},
				"east": {"uv": [4, 9, 5, 10], "rotation": 90, "texture": "#1"},
				"south": {"uv": [0, 0, 2, 2], "texture": "#1"},
				"west": {"uv": [10, 6, 11, 8], "texture": "#1"},
				"up": {"uv": [8, 6, 10, 7], "texture": "#1"},
				"down": {"uv": [8, 6, 10, 7], "texture": "#1"}
			}
		},
		{
			"from": [5, 6, 7],
			"to": [9, 7, 11],
			"faces": {
				"north": {"uv": [0, 0, 1, 3], "texture": "#1"},
				"east": {"uv": [4, 9, 5, 10], "rotation": 90, "texture": "#1"},
				"south": {"uv": [0, 0, 2, 2], "texture": "#1"},
				"west": {"uv": [10, 6, 11, 8], "texture": "#1"},
				"up": {"uv": [8, 6, 10, 7], "texture": "#1"},
				"down": {"uv": [8, 6, 10, 7], "texture": "#1"}
			}
		},
		{
			"from": [6, 7, 7],
			"to": [12, 8, 11],
			"faces": {
				"north": {"uv": [0, 0, 1, 3], "texture": "#1"},
				"east": {"uv": [4, 9, 5, 10], "rotation": 90, "texture": "#1"},
				"south": {"uv": [0, 0, 2, 2], "texture": "#1"},
				"west": {"uv": [10, 6, 11, 8], "texture": "#1"},
				"up": {"uv": [8, 6, 10, 7], "texture": "#1"},
				"down": {"uv": [8, 6, 10, 7], "texture": "#1"}
			}
		},
		{
			"from": [7, 8, 7],
			"to": [16, 9, 11],
			"faces": {
				"north": {"uv": [0, 0, 1, 3], "texture": "#1"},
				"east": {"uv": [4, 9, 5, 10], "rotation": 90, "texture": "#1"},
				"south": {"uv": [0, 0, 2, 2], "texture": "#1"},
				"west": {"uv": [10, 6, 11, 8], "texture": "#1"},
				"up": {"uv": [8, 6, 10, 7], "texture": "#1"},
				"down": {"uv": [8, 6, 10, 7], "texture": "#1"}
			}
		},
		{
			"from": [8, 9, 7],
			"to": [17, 10, 11],
			"faces": {
				"north": {"uv": [0, 0, 1, 3], "texture": "#1"},
				"east": {"uv": [4, 9, 5, 10], "rotation": 90, "texture": "#1"},
				"south": {"uv": [0, 0, 2, 2], "texture": "#1"},
				"west": {"uv": [10, 6, 11, 8], "texture": "#1"},
				"up": {"uv": [8, 6, 10, 7], "texture": "#1"},
				"down": {"uv": [8, 6, 10, 7], "texture": "#1"}
			}
		},
		{
			"from": [10, 10, 7],
			"to": [15, 11, 11],
			"faces": {
				"north": {"uv": [0, 0, 1, 3], "texture": "#1"},
				"east": {"uv": [4, 9, 5, 10], "rotation": 90, "texture": "#1"},
				"south": {"uv": [0, 0, 2, 2], "texture": "#1"},
				"west": {"uv": [10, 6, 11, 8], "texture": "#1"},
				"up": {"uv": [8, 6, 10, 7], "texture": "#1"},
				"down": {"uv": [8, 6, 10, 7], "texture": "#1"}
			}
		},
		{
			"from": [9, 11, 7],
			"to": [14, 12, 11],
			"faces": {
				"north": {"uv": [0, 0, 1, 3], "texture": "#1"},
				"east": {"uv": [4, 9, 5, 10], "rotation": 90, "texture": "#1"},
				"south": {"uv": [0, 0, 2, 2], "texture": "#1"},
				"west": {"uv": [10, 6, 11, 8], "texture": "#1"},
				"up": {"uv": [8, 6, 10, 7], "texture": "#1"},
				"down": {"uv": [8, 6, 10, 7], "texture": "#1"}
			}
		},
		{
			"from": [19, 0, 7],
			"to": [20, 6, 11],
			"faces": {
				"north": {"uv": [0, 7, 2, 9], "texture": "#1"},
				"east": {"uv": [2, 10, 3, 11], "rotation": 90, "texture": "#1"},
				"south": {"uv": [0, 0, 2, 2], "texture": "#1"},
				"west": {"uv": [8, 6, 9, 8], "texture": "#1"},
				"up": {"uv": [8, 6, 10, 7], "texture": "#1"},
				"down": {"uv": [8, 6, 10, 7], "texture": "#1"}
			}
		},
		{
			"from": [17, 6, 6],
			"to": [19, 8, 7],
			"faces": {
				"north": {"uv": [0, 0, 16, 16], "texture": "#8"},
				"east": {"uv": [0, 0, 1, 2], "texture": "#9"},
				"south": {"uv": [0, 0, 2, 2], "texture": "#9"},
				"west": {"uv": [0, 0, 1, 2], "texture": "#9"},
				"up": {"uv": [0, 0, 2, 1], "texture": "#9"},
				"down": {"uv": [0, 0, 2, 1], "texture": "#9"}
			}
		},
		{
			"from": [17, 6, 11],
			"to": [19, 8, 12],
			"faces": {
				"north": {"uv": [0, 0, 2, 2], "texture": "#9"},
				"east": {"uv": [0, 0, 1, 2], "texture": "#9"},
				"south": {"uv": [0, 0, 16, 16], "texture": "#8"},
				"west": {"uv": [0, 0, 1, 2], "texture": "#9"},
				"up": {"uv": [0, 0, 2, 1], "rotation": 180, "texture": "#9"},
				"down": {"uv": [0, 0, 2, 1], "rotation": 180, "texture": "#9"}
			}
		},
		{
			"from": [18, -13, 6],
			"to": [20, -2, 7],
			"rotation": {"angle": 22.5, "axis": "z", "origin": [8, 8, 8]},
			"faces": {
				"north": {"uv": [0, 0, 16, 16], "texture": "#10"},
				"east": {"uv": [0, 0, 1, 11], "texture": "#10"},
				"south": {"uv": [0, 0, 2, 11], "texture": "#10"},
				"west": {"uv": [0, 0, 1, 11], "texture": "#10"},
				"up": {"uv": [0, 0, 2, 1], "texture": "#9"},
				"down": {"uv": [0, 0, 2, 1], "texture": "#9"}
			}
		},
		{
			"from": [18, -13, 11],
			"to": [20, -2, 12],
			"rotation": {"angle": 22.5, "axis": "z", "origin": [8, 8, 8]},
			"faces": {
				"north": {"uv": [0, 0, 2, 11], "texture": "#10"},
				"east": {"uv": [0, 0, 1, 11], "texture": "#10"},
				"south": {"uv": [0, 0, 16, 16], "texture": "#10"},
				"west": {"uv": [0, 0, 1, 11], "texture": "#10"},
				"up": {"uv": [0, 0, 2, 1], "rotation": 180, "texture": "#9"},
				"down": {"uv": [0, 0, 2, 1], "rotation": 180, "texture": "#9"}
			}
		}
	],
	"display": {
		"thirdperson_righthand": {
			"rotation": [60, -93, -3],
			"translation": [0.25, 3.75, 0],
			"scale": [0.5, 0.5, 0.19]
		},
		"thirdperson_lefthand": {
			"rotation": [-16, 82, 74],
			"translation": [0.25, 3.25, -0.5],
			"scale": [0.5, 0.5, 0.17]
		},
		"firstperson_righthand": {
			"rotation": [59, -103, 3],
			"translation": [0.5, 0, -3],
			"scale": [0.5, 0.5, 0.2]
		},
		"firstperson_lefthand": {
			"rotation": [-58, -106, 5],
			"translation": [2, 0.25, 6.75],
			"scale": [0.5, 0.5, 0.2]
		},
		"ground": {
			"translation": [0, -3, 0],
			"scale": [0.25, 0.25, 0.2]
		},
		"gui": {
			"translation": [-0.25, -4.5, 0],
			"scale": [-0.5, 0.5, 0.5]
		},
		"head": {
			"rotation": [-50, -92, 44],
			"translation": [-0.75, 8.25, 7.5],
			"scale": [1, 1, 0.2]
		},
		"fixed": {
			"translation": [-0.75, -2.75, -0.75],
			"scale": [0.5, 0.5, 0.2]
		}
	}
}