{
	"credit": "Made with Blockbench",
	"parent": "item/generated",
	"textures": {
		"layer0": "weapon:bow/bow"
	},
	"display": {
		"thirdperson_righthand": {
			"rotation": [-80, 260, -40],
			"translation": [-1, -2, 2.5],
			"scale": [1.3, 1.3, 1.3]
		},
		"thirdperson_lefthand": {
			"rotation": [-80, -280, 40],
			"translation": [-1, -2, 2.5],
			"scale": [1.3, 1.3, 1.3]
		},
		"firstperson_righthand": {
			"rotation": [0, -90, 25],
			"translation": [1.13, 3.2, 1.13],
			"scale": [0.9, 0.9, 0.9]
		},
		"firstperson_lefthand": {
			"rotation": [0, 90, -25],
			"translation": [1.13, 3.2, 1.13],
			"scale": [0.9, 0.9, 0.9]
		},
		"gui": {
			"translation": [1.25, -1, 0]
		}
	}
}