{
	"credit": "Made with Blockbench",
	"textures": {
		"7": "block/netherite_block",
		"particle": "weapon:iron_block"
	},
	"elements": [
		{
			"from": [7, 0, 7],
			"to": [9, 12, 9],
			"faces": {
				"north": {"uv": [0, 0, 1, 16], "texture": "#7"},
				"east": {"uv": [0, 0, 1, 16], "texture": "#7"},
				"south": {"uv": [0, 0, 1, 16], "texture": "#7"},
				"west": {"uv": [0, 0, 2, 16], "texture": "#7"},
				"up": {"uv": [0, 0, 16, 16], "texture": "#7"},
				"down": {"uv": [0, 0, 16, 16], "texture": "#7"}
			}
		},
		{
			"from": [2, 13, 5],
			"to": [14, 19, 11],
			"faces": {
				"north": {"uv": [0, 0, 16, 16], "texture": "#7"},
				"east": {"uv": [0, 0, 16, 16], "texture": "#7"},
				"south": {"uv": [0, 0, 16, 16], "texture": "#7"},
				"west": {"uv": [0, 0, 16, 16], "texture": "#7"},
				"up": {"uv": [0, 0, 16, 16], "rotation": 270, "texture": "#7"},
				"down": {"uv": [0, 0, 16, 16], "rotation": 90, "texture": "#7"}
			}
		}
	],
	"display": {
		"thirdperson_righthand": {
			"rotation": [24, 90, 0],
			"translation": [0, 4, 4.25],
			"scale": [0.85, 0.85, 0.85]
		},
		"thirdperson_lefthand": {
			"rotation": [0, -90, -39],
			"translation": [0, 2.75, 4.5],
			"scale": [0.85, 0.85, 0.85]
		},
		"firstperson_righthand": {
			"rotation": [-44, 90, 25],
			"translation": [1.13, 3.2, 1.13],
			"scale": [0.68, 0.68, 0.68]
		},
		"firstperson_lefthand": {
			"rotation": [-45, -90, -25],
			"translation": [1.13, 3.2, 1.13],
			"scale": [0.68, 0.68, 0.68]
		},
		"ground": {
			"rotation": [0, 0, -45],
			"scale": [0.48, 0.48, 0.48]
		},
		"gui": {
			"rotation": [0, 0, -45],
			"translation": [-1.5, -1, 0],
			"scale": [0.9, 0.9, 0.9]
		},
		"head": {
			"rotation": [-121, 90, 0],
			"translation": [0, 19, 2.5]
		},
		"fixed": {
			"translation": [0, -0.5, -4]
		}
	}
}