{
    "condition": "minecraft:alternative",
    "terms": [
        {
            "condition": "minecraft:entity_properties",
            "entity": "this",
            "predicate": {
                "nbt": "{Offers:{Recipes:[{sell:{id:\"minecraft:iron_leggings\"},maxUses:12}]}}"
            }
        },
        {
            "condition": "minecraft:entity_properties",
            "entity": "this",
            "predicate": {
                "nbt": "{Offers:{Recipes:[{sell:{id:\"minecraft:iron_boots\"},maxUses:12}]}}"
            }
        },
        {
            "condition": "minecraft:entity_properties",
            "entity": "this",
            "predicate": {
                "nbt": "{Offers:{Recipes:[{sell:{id:\"minecraft:iron_helmet\"},maxUses:12}]}}"
            }
        },
        {
            "condition": "minecraft:entity_properties",
            "entity": "this",
            "predicate": {
                "nbt": "{Offers:{Recipes:[{sell:{id:\"minecraft:iron_chestplate\"},maxUses:12}]}}"
            }
        },
        {
            "condition": "minecraft:entity_properties",
            "entity": "this",
            "predicate": {
                "nbt": "{Offers:{Recipes:[{sell:{id:\"minecraft:chainmail_leggings\"},maxUses:12}]}}"
            }
        },
        {
            "condition": "minecraft:entity_properties",
            "entity": "this",
            "predicate": {
                "nbt": "{Offers:{Recipes:[{sell:{id:\"minecraft:chainmail_boots\"},maxUses:12}]}}"
            }
        },
        {
            "condition": "minecraft:entity_properties",
            "entity": "this",
            "predicate": {
                "nbt": "{Offers:{Recipes:[{sell:{id:\"minecraft:chainmail_helmet\"},maxUses:12}]}}"
            }
        },
        {
            "condition": "minecraft:entity_properties",
            "entity": "this",
            "predicate": {
                "nbt": "{Offers:{Recipes:[{sell:{id:\"minecraft:chainmail_chestplate\"},maxUses:12}]}}"
            }
        },
        {
            "condition": "minecraft:entity_properties",
            "entity": "this",
            "predicate": {
                "nbt": "{Offers:{Recipes:[{sell:{id:\"minecraft:diamond_leggings\"},maxUses:3}]}}"
            }
        },
        {
            "condition": "minecraft:entity_properties",
            "entity": "this",
            "predicate": {
                "nbt": "{Offers:{Recipes:[{sell:{id:\"minecraft:diamond_boots\"},maxUses:3}]}}"
            }
        },
        {
            "condition": "minecraft:entity_properties",
            "entity": "this",
            "predicate": {
                "nbt": "{Offers:{Recipes:[{sell:{id:\"minecraft:diamond_helmet\"},maxUses:3}]}}"
            }
        },
        {
            "condition": "minecraft:entity_properties",
            "entity": "this",
            "predicate": {
                "nbt": "{Offers:{Recipes:[{sell:{id:\"minecraft:diamond_chestplate\"},maxUses:3}]}}"
            }
        },
        {
            "condition": "minecraft:entity_properties",
            "entity": "this",
            "predicate": {
                "nbt": "{Offers:{Recipes:[{sell:{id:\"minecraft:shield\"},maxUses:12}]}}"
            }
        }
    ]
}

