{
    "condition": "minecraft:alternative",
    "terms": [
        {
            "condition": "minecraft:entity_properties",
            "entity": "this",
            "predicate": {
                "nbt": "{Offers:{Recipes:[{sell:{id:\"minecraft:stone_axe\"},maxUses:12}]}}"
            }
        },
        {
            "condition": "minecraft:entity_properties",
            "entity": "this",
            "predicate": {
                "nbt": "{Offers:{Recipes:[{sell:{id:\"minecraft:stone_shovel\"},maxUses:12}]}}"
            }
        },
        {
            "condition": "minecraft:entity_properties",
            "entity": "this",
            "predicate": {
                "nbt": "{Offers:{Recipes:[{sell:{id:\"minecraft:stone_pickaxe\"},maxUses:12}]}}"
            }
        },
        {
            "condition": "minecraft:entity_properties",
            "entity": "this",
            "predicate": {
                "nbt": "{Offers:{Recipes:[{sell:{id:\"minecraft:stone_hoe\"},maxUses:12}]}}"
            }
        },
        {
            "condition": "minecraft:entity_properties",
            "entity": "this",
            "predicate": {
                "nbt": "{Offers:{Recipes:[{sell:{id:\"minecraft:iron_axe\"},maxUses:3}]}}"
            }
        },
        {
            "condition": "minecraft:entity_properties",
            "entity": "this",
            "predicate": {
                "nbt": "{Offers:{Recipes:[{sell:{id:\"minecraft:iron_shovel\"},maxUses:3}]}}"
            }
        },
        {
            "condition": "minecraft:entity_properties",
            "entity": "this",
            "predicate": {
                "nbt": "{Offers:{Recipes:[{sell:{id:\"minecraft:iron_pickaxe\"},maxUses:3}]}}"
            }
        },
        {
            "condition": "minecraft:entity_properties",
            "entity": "this",
            "predicate": {
                "nbt": "{Offers:{Recipes:[{sell:{id:\"minecraft:iron_hoe\"},maxUses:3}]}}"
            }
        },
        {
            "condition": "minecraft:entity_properties",
            "entity": "this",
            "predicate": {
                "nbt": "{Offers:{Recipes:[{sell:{id:\"minecraft:diamond_axe\"},maxUses:3}]}}"
            }
        },
        {
            "condition": "minecraft:entity_properties",
            "entity": "this",
            "predicate": {
                "nbt": "{Offers:{Recipes:[{sell:{id:\"minecraft:diamond_shovel\"},maxUses:3}]}}"
            }
        },
        {
            "condition": "minecraft:entity_properties",
            "entity": "this",
            "predicate": {
                "nbt": "{Offers:{Recipes:[{sell:{id:\"minecraft:diamond_pickaxe\"},maxUses:3}]}}"
            }
        },
        {
            "condition": "minecraft:entity_properties",
            "entity": "this",
            "predicate": {
                "nbt": "{Offers:{Recipes:[{sell:{id:\"minecraft:diamond_hoe\"},maxUses:3}]}}"
            }
        }
    ]
}

